respondent_id,site_id,company_id,GPUR_1,GPUR_2,GPUR_3,GPUR_4,GOPS_1,GOPS_2,GOPS_3,GOPS_4,GLOG_1,GLOG_2,GLOG_3,GTRN_1,GTRN_2,GTRN_3,GCOL_1,GCOL_2,GCOL_3,SUPINT_1,SUPINT_2,SUPINT_3,MAINT_1,MAINT_2,MAINT_3,COMP_1,COMP_2,COMP_3,OE_1,OE_2,OE_3,OE_4,OE_5,EP_1,EP_2,EP_3,EP_4,EP_5
SYN_001_R1,SYN_001,SyntheticCo,4,3,4,4,3,3,4,4,4,3,4,5,4,5,4,3,4,3,4,4,4,4,5,4,4,4,4,4,4,4,5,3,3,3,4,4
SYN_001_R2,SYN_001,SyntheticCo,3,3,3,4,5,4,4,4,4,4,4,4,5,4,3,4,2,3,3,3,4,5,4,5,3,4,4,4,4,4,4,3,4,4,3,3
SYN_001_R3,SYN_001,SyntheticCo,3,4,4,4,4,4,4,4,4,3,4,4,4,5,3,3,4,4,4,3,4,4,3,4,4,4,4,3,4,5,4,4,3,4,3,3
SYN_001_R4,SYN_001,SyntheticCo,4,2,4,4,4,3,4,4,4,4,5,4,4,4,3,4,4,4,4,3,4,4,4,4,5,4,3,3,4,4,5,5,4,3,2,4
SYN_001_R5,SYN_001,SyntheticCo,3,3,3,3,5,4,4,3,3,3,4,5,4,5,3,3,3,3,5,3,5,4,5,5,4,4,3,4,4,3,3,4,5,4,4,4
SYN_002_R1,SYN_002,SyntheticCo,4,4,3,4,4,4,4,3,2,4,4,3,3,4,2,2,3,3,3,3,4,4,3,4,2,4,3,3,3,3,4,2,3,3,3,4
SYN_002_R2,SYN_002,SyntheticCo,4,4,3,3,3,4,4,3,3,3,5,4,3,3,2,3,3,4,3,3,2,3,3,3,3,4,2,2,5,3,3,4,5,2,3,3
SYN_002_R3,SYN_002,SyntheticCo,4,3,3,4,4,3,3,3,3,3,3,3,3,4,3,3,3,3,3,4,3,5,4,4,3,3,4,3,4,2,4,3,2,3,3,3
SYN_002_R4,SYN_002,SyntheticCo,3,3,3,3,4,2,3,4,3,3,2,3,4,2,4,3,3,3,3,4,4,4,4,4,5,4,4,3,3,3,4,2,4,3,4,4
SYN_002_R5,SYN_002,SyntheticCo,4,4,2,3,3,3,4,4,3,3,3,2,3,3,4,3,2,4,3,4,4,2,3,4,3,4,4,4,3,4,4,3,3,3,3,3
SYN_003_R1,SYN_003,SyntheticCo,4,4,5,3,4,5,3,3,4,5,4,4,4,4,4,5,4,3,5,4,4,4,3,3,3,3,4,4,4,3,2,4,3,4,4,4
SYN_003_R2,SYN_003,SyntheticCo,4,4,4,4,4,4,4,3,4,4,4,4,2,3,3,2,3,4,4,4,4,4,3,5,4,3,3,3,3,4,4,5,3,4,3,4
SYN_003_R3,SYN_003,SyntheticCo,4,3,5,4,3,3,3,4,4,4,4,4,3,3,4,4,5,4,4,4,5,5,4,4,4,3,4,4,4,3,3,2,3,3,4,5
SYN_003_R4,SYN_003,SyntheticCo,5,3,4,4,4,4,4,3,5,4,4,5,4,5,4,4,4,4,3,4,3,4,4,4,4,4,4,4,3,4,3,3,5,4,3,3
SYN_003_R5,SYN_003,SyntheticCo,2,4,5,4,3,4,3,4,4,4,5,4,4,3,4,5,3,3,5,4,4,3,4,4,4,5,4,3,3,4,3,4,3,4,2,3
SYN_004_R1,SYN_004,SyntheticCo,3,3,4,4,3,4,4,3,4,4,4,4,4,5,4,4,4,4,4,4,4,4,4,4,5,4,4,4,4,4,3,4,4,4,4,3
SYN_004_R2,SYN_004,SyntheticCo,5,5,4,4,2,3,3,3,4,5,3,3,4,5,3,4,5,3,4,4,4,4,4,3,4,4,5,4,4,4,4,4,3,4,3,4
SYN_004_R3,SYN_004,SyntheticCo,3,4,3,3,4,4,3,5,4,4,4,4,4,4,4,5,4,3,5,5,4,3,4,4,4,3,4,4,3,4,5,4,4,4,4,3
SYN_004_R4,SYN_004,SyntheticCo,4,4,5,4,5,3,4,4,3,4,5,4,3,4,4,4,4,3,3,5,4,2,4,4,4,3,5,4,5,4,4,4,5,4,5,4
SYN_004_R5,SYN_004,SyntheticCo,4,4,4,5,3,3,4,3,4,2,3,3,2,3,4,4,5,4,4,4,5,3,3,4,4,4,4,4,3,4,4,3,3,4,4,3
SYN_005_R1,SYN_005,SyntheticCo,3,3,1,2,1,2,2,2,2,2,3,3,3,3,3,3,3,3,2,1,3,3,1,1,2,3,3,2,2,2,2,2,2,4,4,3
SYN_005_R2,SYN_005,SyntheticCo,2,3,3,3,2,2,2,2,2,1,2,2,2,4,4,4,3,4,3,3,1,2,2,2,2,2,3,3,2,2,2,2,2,2,2,2
SYN_005_R3,SYN_005,SyntheticCo,3,3,2,3,2,2,2,1,2,2,2,3,3,3,3,2,3,3,3,2,2,2,2,3,2,3,2,1,2,3,1,1,1,2,2,2
SYN_005_R4,SYN_005,SyntheticCo,3,1,3,4,1,1,1,1,2,3,3,2,4,3,4,3,3,3,5,3,2,3,2,2,3,2,2,2,2,2,1,3,2,2,2,3
SYN_005_R5,SYN_005,SyntheticCo,2,3,2,2,1,1,2,1,3,2,1,1,3,3,3,3,3,3,2,2,1,2,3,2,1,1,2,2,2,2,2,3,2,2,3,2
SYN_006_R1,SYN_006,SyntheticCo,3,3,3,4,2,4,3,2,3,2,3,3,3,2,4,4,4,4,4,3,3,2,3,3,3,4,3,3,3,3,3,3,3,4,3,3
SYN_006_R2,SYN_006,SyntheticCo,2,3,3,3,3,3,3,3,3,3,3,1,3,1,2,3,4,3,3,4,3,4,3,3,4,3,2,3,3,2,3,2,3,3,2,3
SYN_006_R3,SYN_006,SyntheticCo,3,3,2,2,3,2,2,3,3,2,3,3,3,3,2,3,3,3,4,5,4,4,3,3,4,3,3,3,3,3,3,3,3,3,3,2
SYN_006_R4,SYN_006,SyntheticCo,3,3,2,4,2,2,2,2,3,3,3,3,3,3,3,4,2,3,2,4,3,4,4,3,3,3,3,3,4,3,3,3,2,3,3,3
SYN_006_R5,SYN_006,SyntheticCo,2,2,3,3,2,3,2,3,3,5,2,3,3,3,3,3,3,5,3,4,3,3,2,3,4,3,3,2,3,2,2,3,3,4,2,3
SYN_007_R1,SYN_007,SyntheticCo,3,3,4,3,4,4,3,3,4,3,3,3,4,3,3,4,4,4,4,4,4,4,4,3,2,3,2,3,4,4,4,3,2,3,3,3
SYN_007_R2,SYN_007,SyntheticCo,4,3,4,3,4,4,4,4,4,3,5,3,3,2,3,3,3,4,3,4,4,4,4,3,4,1,2,3,3,4,3,3,4,4,3,4
SYN_007_R3,SYN_007,SyntheticCo,3,3,4,3,4,5,3,3,3,3,3,2,2,3,5,4,3,3,3,2,4,3,4,2,2,3,3,3,2,4,3,3,3,2,3,3
SYN_007_R4,SYN_007,SyntheticCo,4,3,4,4,4,5,5,5,3,3,5,2,2,3,4,3,3,3,3,3,5,4,4,2,3,2,2,2,2,2,2,4,3,4,3,3
SYN_007_R5,SYN_007,SyntheticCo,3,4,4,3,4,4,4,3,3,4,4,3,3,3,4,4,4,3,4,3,4,4,3,2,3,2,4,4,3,3,3,3,3,3,4,3
SYN_008_R1,SYN_008,SyntheticCo,4,4,4,3,3,3,3,4,4,4,4,4,3,4,3,3,3,4,3,3,4,2,2,4,3,3,2,3,4,3,3,3,3,2,4,4
SYN_008_R2,SYN_008,SyntheticCo,3,3,3,3,3,2,4,4,3,2,3,4,2,3,2,3,3,3,3,4,3,3,2,4,3,3,3,2,3,4,3,2,3,4,2,3
SYN_008_R3,SYN_008,SyntheticCo,4,4,4,5,4,4,5,3,3,4,4,3,3,5,3,3,3,3,3,3,2,3,4,3,3,3,3,3,3,3,2,4,3,4,3,4
SYN_008_R4,SYN_008,SyntheticCo,4,4,3,4,4,2,3,4,4,4,4,4,4,2,3,3,2,3,4,2,3,3,3,4,3,3,2,4,3,3,3,3,4,3,3,3
SYN_008_R5,SYN_008,SyntheticCo,3,4,4,4,3,4,3,5,3,4,4,3,5,4,4,3,3,3,3,4,3,3,4,4,4,4,3,2,2,2,3,3,3,2,3,4
SYN_009_R1,SYN_009,SyntheticCo,3,3,2,4,3,3,5,4,3,3,3,4,3,3,4,4,5,3,4,4,4,3,3,4,4,4,3,3,3,3,4,4,3,2,3,3
SYN_009_R2,SYN_009,SyntheticCo,4,2,3,4,3,4,3,3,4,3,4,3,4,3,3,4,3,3,3,3,4,3,4,3,3,3,5,4,4,4,3,3,5,3,3,4
SYN_009_R3,SYN_009,SyntheticCo,4,2,2,3,3,4,3,2,2,1,3,3,3,4,4,3,2,4,4,4,4,3,5,3,4,3,3,5,4,4,4,3,4,3,2,3
SYN_009_R4,SYN_009,SyntheticCo,3,3,2,3,3,3,2,3,3,4,4,3,3,3,3,3,3,3,3,3,4,2,3,4,4,4,3,3,4,5,3,4,4,3,4,3
SYN_009_R5,SYN_009,SyntheticCo,3,2,2,4,3,3,2,2,3,3,3,4,4,4,5,3,4,4,4,2,3,4,4,4,4,3,4,4,4,4,4,4,5,2,3,3
SYN_010_R1,SYN_010,SyntheticCo,3,2,3,3,3,4,2,4,3,4,2,3,4,4,3,3,2,3,2,2,3,4,2,4,3,4,3,4,3,3,3,4,3,3,3,2
SYN_010_R2,SYN_010,SyntheticCo,3,1,3,2,5,3,3,4,4,3,3,4,4,3,3,2,3,3,2,1,4,4,3,4,3,3,3,4,3,4,3,3,3,4,3,2
SYN_010_R3,SYN_010,SyntheticCo,2,2,2,3,3,5,2,3,2,3,3,2,4,5,3,3,3,2,2,1,4,3,3,4,3,3,4,3,4,3,3,4,4,3,3,3
SYN_010_R4,SYN_010,SyntheticCo,2,2,2,2,3,2,3,4,2,3,2,4,3,5,3,2,3,2,2,3,3,4,3,3,3,3,4,4,4,5,3,3,2,3,3,2
SYN_010_R5,SYN_010,SyntheticCo,2,2,2,3,3,5,3,3,2,4,4,4,3,4,2,4,3,3,1,2,4,4,4,3,4,4,2,3,4,3,2,3,3,3,3,3
SYN_011_R1,SYN_011,SyntheticCo,4,4,3,3,4,2,4,4,4,4,2,3,4,4,4,4,4,4,4,3,2,4,4,5,4,5,5,5,3,4,4,4,3,4,4,4
SYN_011_R2,SYN_011,SyntheticCo,4,3,4,3,3,4,4,3,3,2,4,4,4,5,4,4,4,4,4,3,3,4,4,4,5,4,5,5,4,4,4,4,3,4,4,3
SYN_011_R3,SYN_011,SyntheticCo,3,3,3,2,4,5,4,3,4,4,3,4,3,4,3,4,3,4,4,3,3,2,3,4,4,5,4,3,4,5,4,4,4,3,4,4
SYN_011_R4,SYN_011,SyntheticCo,3,4,3,4,4,2,4,2,3,4,3,3,4,5,3,5,4,3,3,3,4,4,3,4,4,5,3,5,4,3,4,3,3,4,3,2
SYN_011_R5,SYN_011,SyntheticCo,3,2,3,3,3,5,4,4,3,3,4,4,5,4,4,4,4,3,3,3,3,4,4,4,4,5,4,4,4,5,3,4,2,4,5,4
SYN_012_R1,SYN_012,SyntheticCo,3,3,3,3,3,3,4,3,3,3,4,4,4,4,4,4,4,3,3,5,4,3,4,4,3,4,3,3,4,4,3,5,4,4,5,4
SYN_012_R2,SYN_012,SyntheticCo,3,3,4,4,4,3,4,4,3,3,4,2,4,3,4,3,4,3,4,4,4,4,3,4,4,4,5,3,3,3,4,4,4,3,4,3
SYN_012_R3,SYN_012,SyntheticCo,4,5,3,4,3,3,3,3,3,5,4,4,4,4,4,4,4,3,3,3,3,4,4,3,3,3,2,3,4,4,3,4,4,4,4,3
SYN_012_R4,SYN_012,SyntheticCo,3,4,3,4,4,4,4,4,4,3,3,5,4,3,3,4,4,3,4,3,3,4,4,4,4,4,4,3,4,4,4,4,4,4,3,4
SYN_012_R5,SYN_012,SyntheticCo,3,3,5,3,4,4,4,5,4,4,3,4,4,4,4,4,4,3,5,4,3,3,3,4,3,3,4,4,3,3,4,4,4,3,4,3
SYN_013_R1,SYN_013,SyntheticCo,3,3,4,4,4,4,5,3,2,3,2,3,3,3,4,4,4,4,4,3,5,4,2,3,2,3,3,3,5,4,4,3,3,3,3,2
SYN_013_R2,SYN_013,SyntheticCo,3,3,3,3,3,3,4,4,4,3,3,4,4,3,4,4,4,5,3,4,3,3,3,2,3,3,3,3,3,3,3,4,4,3,3,3
SYN_013_R3,SYN_013,SyntheticCo,2,4,3,3,4,4,3,3,4,2,2,4,4,3,3,3,3,4,3,3,4,2,4,3,3,3,4,4,2,3,3,3,3,4,4,3
SYN_013_R4,SYN_013,SyntheticCo,2,3,3,3,4,4,4,2,2,4,3,2,4,4,4,4,4,4,4,5,4,2,4,4,4,3,4,4,5,3,3,3,3,3,2,3
SYN_013_R5,SYN_013,SyntheticCo,3,3,4,3,4,4,4,4,4,3,3,4,3,4,5,3,4,4,4,4,2,4,2,4,3,4,3,2,4,3,3,3,5,4,4,4
SYN_014_R1,SYN_014,SyntheticCo,5,4,3,4,4,3,4,4,5,4,4,4,4,4,3,2,4,4,4,4,4,3,3,4,5,4,4,3,3,4,3,3,3,4,3,2
SYN_014_R2,SYN_014,SyntheticCo,4,3,4,4,4,4,3,4,4,3,3,4,5,4,2,4,3,4,3,3,3,3,3,4,3,4,3,3,3,2,3,3,2,3,3,4
SYN_014_R3,SYN_014,SyntheticCo,3,3,5,5,4,4,4,3,3,4,5,4,4,5,5,3,4,5,3,4,3,3,3,3,3,4,4,3,3,4,3,4,4,5,3,3
SYN_014_R4,SYN_014,SyntheticCo,4,4,4,4,4,3,4,4,4,3,3,3,3,3,3,3,3,3,3,4,4,3,3,3,4,4,3,3,2,3,4,3,4,3,3,3
SYN_014_R5,SYN_014,SyntheticCo,4,4,4,4,5,4,4,4,4,3,4,5,4,3,3,4,4,4,4,4,4,4,4,4,4,3,3,4,3,4,3,3,3,4,4,2
SYN_015_R1,SYN_015,SyntheticCo,4,5,4,3,5,4,4,4,4,3,4,4,4,4,3,4,3,3,4,4,4,4,3,4,4,3,3,4,2,3,2,3,3,2,4,3
SYN_015_R2,SYN_015,SyntheticCo,2,4,4,5,4,4,5,5,4,3,4,4,3,4,5,4,4,4,4,4,3,3,4,4,3,4,3,3,3,4,3,4,4,4,3,5
SYN_015_R3,SYN_015,SyntheticCo,4,4,3,3,5,4,3,5,3,4,3,4,4,3,3,3,4,3,3,4,3,3,2,3,4,4,3,4,3,3,4,3,3,3,4,4
SYN_015_R4,SYN_015,SyntheticCo,3,4,4,3,4,4,5,5,3,3,4,3,4,4,3,3,4,4,5,4,4,5,3,2,4,3,3,3,3,2,3,4,3,3,3,2
SYN_015_R5,SYN_015,SyntheticCo,3,4,3,3,4,4,4,5,3,4,3,4,5,4,2,4,4,4,4,3,3,4,2,3,4,2,2,2,3,3,4,4,4,3,4,3
SYN_016_R1,SYN_016,SyntheticCo,4,2,4,4,3,3,4,2,3,3,3,3,3,2,3,3,3,4,4,3,3,4,2,3,3,3,2,3,4,2,2,3,5,3,3,3
SYN_016_R2,SYN_016,SyntheticCo,3,3,5,4,3,4,3,2,3,3,3,3,3,3,3,3,2,4,4,3,3,3,4,4,3,2,3,4,3,3,2,5,4,4,4,4
SYN_016_R3,SYN_016,SyntheticCo,3,3,3,5,4,3,4,3,3,2,3,4,3,3,3,3,3,3,4,3,3,3,4,4,4,3,3,3,3,4,4,3,3,4,5,2
SYN_016_R4,SYN_016,SyntheticCo,3,2,3,3,3,3,3,3,2,3,3,4,2,3,4,2,3,3,5,5,2,5,3,4,4,3,3,3,3,3,4,4,3,4,4,4
SYN_016_R5,SYN_016,SyntheticCo,3,2,3,3,4,4,3,4,3,3,2,4,3,3,3,3,2,4,3,5,2,2,3,4,3,4,2,3,2,2,3,2,3,3,3,4
SYN_017_R1,SYN_017,SyntheticCo,4,5,4,5,4,4,4,4,4,4,3,4,3,3,3,3,4,4,4,5,3,3,4,3,4,4,4,3,3,4,3,5,3,2,4,5
SYN_017_R2,SYN_017,SyntheticCo,5,5,3,5,4,4,3,4,4,4,4,3,3,3,3,4,4,5,4,3,3,5,4,3,5,5,3,3,3,4,4,4,4,4,3,4
SYN_017_R3,SYN_017,SyntheticCo,4,2,3,3,4,4,4,5,3,4,4,3,3,2,4,3,5,4,5,4,4,3,4,4,3,4,3,5,3,4,3,4,3,3,4,4
SYN_017_R4,SYN_017,SyntheticCo,4,5,4,5,4,5,4,3,3,5,4,3,4,4,5,3,3,4,3,5,4,4,5,4,4,4,4,3,3,4,4,2,3,4,4,3
SYN_017_R5,SYN_017,SyntheticCo,4,4,4,3,3,4,4,4,3,4,5,4,3,3,3,4,4,4,4,4,4,4,4,4,4,5,4,3,3,3,3,3,3,3,3,3
SYN_018_R1,SYN_018,SyntheticCo,4,4,5,4,3,3,3,3,4,3,4,4,3,4,4,3,3,3,3,4,3,3,4,3,3,4,2,2,3,4,4,3,4,3,4,3
SYN_018_R2,SYN_018,SyntheticCo,4,3,5,4,2,3,3,4,3,3,4,4,3,3,3,4,4,4,4,4,3,3,3,3,4,4,3,3,3,3,3,4,3,4,4,3
SYN_018_R3,SYN_018,SyntheticCo,4,3,3,3,4,4,3,4,3,5,3,4,3,4,4,3,4,4,4,3,4,3,3,3,5,3,2,3,3,3,3,4,3,3,3,3
SYN_018_R4,SYN_018,SyntheticCo,3,3,4,4,4,3,3,2,4,3,4,4,3,3,3,4,4,3,3,3,3,3,3,3,4,3,3,4,2,3,4,3,3,4,3,4
SYN_018_R5,SYN_018,SyntheticCo,4,3,4,4,4,3,3,3,4,3,4,4,3,4,5,4,4,4,3,2,4,3,3,4,4,3,3,4,2,4,3,4,4,4,4,3
SYN_019_R1,SYN_019,SyntheticCo,5,4,4,4,4,4,4,3,5,4,5,4,3,4,4,4,4,5,4,4,4,3,4,5,4,4,2,4,4,3,4,3,3,3,2,3
SYN_019_R2,SYN_019,SyntheticCo,5,3,4,4,5,5,4,5,4,5,3,5,4,3,4,4,4,5,4,5,4,4,4,4,4,5,4,4,5,4,4,4,3,3,3,4
SYN_019_R3,SYN_019,SyntheticCo,4,4,5,5,4,4,5,5,3,4,4,4,4,4,5,4,4,4,4,4,3,4,4,4,4,4,3,3,3,4,5,4,3,3,4,4
SYN_019_R4,SYN_019,SyntheticCo,5,4,4,4,5,4,4,3,4,4,3,4,4,3,4,4,5,4,4,4,4,4,4,3,3,3,4,3,4,4,3,3,4,4,5,3
SYN_019_R5,SYN_019,SyntheticCo,4,4,4,4,3,4,4,3,4,3,4,4,3,4,3,4,5,5,4,5,3,3,4,5,4,4,2,2,4,3,3,4,4,4,4,4
SYN_020_R1,SYN_020,SyntheticCo,4,4,4,3,5,4,4,4,5,4,3,4,3,3,2,3,3,3,3,4,5,4,4,2,3,3,3,4,3,3,3,4,5,4,5,3
SYN_020_R2,SYN_020,SyntheticCo,4,3,4,4,4,3,3,3,4,5,5,2,4,3,2,3,4,3,2,3,2,3,4,3,2,3,4,4,4,4,4,4,4,4,3,3
SYN_020_R3,SYN_020,SyntheticCo,4,4,5,4,4,4,4,4,4,5,4,2,3,4,3,3,3,2,3,2,3,4,4,3,3,3,3,4,3,3,3,3,3,5,4,3
SYN_020_R4,SYN_020,SyntheticCo,3,4,5,4,5,4,4,3,4,4,4,2,3,3,3,3,3,3,4,4,3,4,3,2,3,2,4,3,3,4,4,3,4,4,3,4
SYN_020_R5,SYN_020,SyntheticCo,5,5,4,3,4,4,4,4,4,4,4,2,3,3,3,2,3,4,3,3,4,5,3,3,2,2,3,4,5,4,3,5,3,3,3,5
SYN_021_R1,SYN_021,SyntheticCo,4,5,2,4,3,4,2,4,4,3,3,3,3,3,2,4,4,3,3,3,4,3,3,4,4,5,3,3,4,4,4,4,3,3,3,2
SYN_021_R2,SYN_021,SyntheticCo,3,4,3,2,2,4,3,3,3,2,4,3,4,4,4,3,4,4,4,3,3,5,3,4,4,4,3,4,3,2,3,2,2,3,3,3
SYN_021_R3,SYN_021,SyntheticCo,4,2,2,4,2,3,3,3,3,3,3,3,3,4,2,3,5,4,4,3,2,3,4,3,3,4,3,3,3,3,3,3,3,3,3,3
SYN_021_R4,SYN_021,SyntheticCo,3,3,4,4,3,3,3,3,4,3,3,4,4,4,4,4,3,4,3,4,4,4,3,4,5,3,3,3,3,4,3,3,2,3,2,4
SYN_021_R5,SYN_021,SyntheticCo,5,3,2,4,3,4,3,3,3,4,3,3,3,3,3,2,3,4,3,4,3,4,4,4,4,4,3,3,4,4,4,3,3,3,3,2
SYN_022_R1,SYN_022,SyntheticCo,3,2,2,4,4,2,3,3,4,3,3,5,3,4,3,4,3,2,4,3,3,3,3,4,4,2,3,4,4,4,4,3,3,3,4,3
SYN_022_R2,SYN_022,SyntheticCo,3,3,4,3,4,4,3,3,3,3,4,4,4,3,3,5,4,3,4,3,4,3,3,3,3,4,4,5,4,2,4,5,4,3,4,3
SYN_022_R3,SYN_022,SyntheticCo,2,3,3,2,2,3,3,3,3,4,3,5,3,3,4,5,4,3,3,2,3,3,3,4,3,4,3,4,3,4,4,4,3,4,3,3
SYN_022_R4,SYN_022,SyntheticCo,3,3,2,2,2,2,3,2,2,4,3,4,4,4,3,4,3,5,2,2,3,2,4,5,3,3,2,4,3,3,4,4,4,3,3,4
SYN_022_R5,SYN_022,SyntheticCo,3,4,3,2,2,2,2,3,3,4,4,4,4,4,4,5,4,3,3,3,4,3,4,2,4,4,3,5,4,3,4,2,3,4,3,3
SYN_023_R1,SYN_023,SyntheticCo,5,5,4,4,4,4,4,4,4,4,3,4,4,5,3,4,4,4,4,4,4,4,4,3,3,3,3,4,5,3,4,3,4,3,4,3
SYN_023_R2,SYN_023,SyntheticCo,5,4,4,3,5,5,5,5,5,4,4,4,3,4,4,4,4,5,4,4,5,5,4,3,3,4,3,3,3,3,4,4,4,4,3,4
SYN_023_R3,SYN_023,SyntheticCo,4,4,3,4,5,4,4,4,4,4,4,3,3,3,4,3,4,4,4,4,4,4,5,4,4,4,4,4,4,5,4,3,4,4,3,4
SYN_023_R4,SYN_023,SyntheticCo,4,3,4,4,4,5,4,4,3,4,4,3,4,4,4,4,4,4,3,3,4,5,5,3,3,3,4,3,4,4,4,4,4,4,3,5
SYN_023_R5,SYN_023,SyntheticCo,4,4,2,5,5,5,5,5,4,4,4,3,4,4,3,3,3,4,3,4,5,4,5,3,3,3,5,3,4,4,3,3,5,4,3,4
SYN_024_R1,SYN_024,SyntheticCo,3,5,3,3,4,2,3,4,3,2,3,4,3,2,3,3,3,4,4,3,2,2,4,2,3,3,3,3,3,4,4,4,3,3,3,3
SYN_024_R2,SYN_024,SyntheticCo,4,4,2,3,4,3,2,5,3,4,4,3,3,4,4,4,3,3,4,3,3,2,2,3,2,2,4,5,4,3,3,4,4,3,3,3
SYN_024_R3,SYN_024,SyntheticCo,4,3,3,4,4,4,4,3,4,4,5,2,3,3,3,4,3,4,4,4,3,4,4,3,3,3,3,4,3,3,3,3,3,3,3,4
SYN_024_R4,SYN_024,SyntheticCo,3,4,3,3,4,2,3,4,2,4,4,3,3,4,3,4,3,3,3,3,4,3,2,2,3,4,4,3,4,3,3,3,4,2,4,3
SYN_024_R5,SYN_024,SyntheticCo,3,4,3,3,3,3,3,2,3,4,4,3,3,3,4,3,3,4,3,3,3,3,3,4,3,2,3,3,3,3,3,3,4,3,3,5
SYN_025_R1,SYN_025,SyntheticCo,3,3,2,3,3,3,4,4,4,3,5,3,4,4,3,2,3,3,3,3,2,4,3,3,3,4,2,2,3,3,3,3,3,2,3,3
SYN_025_R2,SYN_025,SyntheticCo,4,3,3,4,4,4,3,3,2,4,4,3,3,4,2,3,2,4,4,2,2,3,3,3,5,4,3,3,3,3,3,4,2,4,3,4
SYN_025_R3,SYN_025,SyntheticCo,3,3,3,3,4,3,3,3,4,3,3,4,3,4,3,3,3,2,4,3,3,3,3,3,4,4,3,4,4,3,2,3,3,4,3,3
SYN_025_R4,SYN_025,SyntheticCo,3,2,3,2,4,4,5,4,3,4,3,3,4,2,3,2,3,3,3,3,4,3,3,3,3,4,3,4,3,3,3,3,4,3,4,3
SYN_025_R5,SYN_025,SyntheticCo,4,4,3,3,5,3,4,3,5,4,3,4,4,3,3,3,3,3,3,3,3,3,4,3,4,3,4,2,3,2,3,3,3,2,4,3
SYN_026_R1,SYN_026,SyntheticCo,2,4,3,4,3,4,4,3,3,4,3,4,5,4,3,4,4,4,4,3,3,4,3,4,4,3,4,4,3,5,4,4,5,3,4,4
SYN_026_R2,SYN_026,SyntheticCo,3,4,3,4,4,3,2,3,4,3,2,5,4,3,4,3,3,4,5,5,4,4,4,3,4,3,4,4,4,4,2,4,4,4,4,5
SYN_026_R3,SYN_026,SyntheticCo,4,4,4,4,3,2,3,4,3,4,3,5,4,4,4,4,2,4,4,5,4,3,4,4,4,4,4,5,4,4,4,4,4,4,3,5
SYN_026_R4,SYN_026,SyntheticCo,3,3,3,5,3,3,3,4,2,3,5,4,3,4,3,4,5,4,4,4,3,3,2,3,3,3,4,3,2,3,3,4,5,4,4,4
SYN_026_R5,SYN_026,SyntheticCo,3,3,3,3,3,3,3,4,3,3,3,4,3,4,3,3,2,4,4,4,5,4,4,4,5,3,2,3,4,4,4,5,4,4,3,3
SYN_027_R1,SYN_027,SyntheticCo,5,4,4,4,4,4,4,4,4,4,5,4,4,4,4,4,4,4,5,4,4,4,3,5,5,5,5,4,4,5,5,4,5,4,4,5
SYN_027_R2,SYN_027,SyntheticCo,5,4,4,4,3,4,4,4,4,5,4,3,4,4,4,4,5,3,4,4,3,4,4,5,4,5,4,4,4,4,5,3,4,3,5,4
SYN_027_R3,SYN_027,SyntheticCo,5,3,5,4,5,5,4,4,4,5,4,5,5,4,3,5,3,5,4,2,4,4,4,5,4,4,4,4,4,5,4,4,4,3,3,4
SYN_027_R4,SYN_027,SyntheticCo,5,5,3,2,5,4,5,4,4,4,4,4,4,4,4,5,4,3,5,4,4,4,4,4,5,5,4,3,5,4,5,3,4,4,5,4
SYN_027_R5,SYN_027,SyntheticCo,5,4,4,4,5,3,4,3,3,3,3,4,3,3,5,4,4,3,3,3,4,4,4,5,4,5,4,4,5,3,4,5,3,4,4,4
SYN_028_R1,SYN_028,SyntheticCo,3,4,4,4,3,4,3,4,5,4,3,4,3,4,3,3,4,4,4,3,4,4,4,4,4,4,4,5,4,5,4,2,3,3,3,3
SYN_028_R2,SYN_028,SyntheticCo,4,5,4,4,3,4,4,4,5,5,4,4,4,4,3,4,4,3,4,4,3,4,4,5,4,5,4,3,3,5,5,3,4,4,4,3
SYN_028_R3,SYN_028,SyntheticCo,5,4,4,3,4,3,4,3,4,4,4,4,4,5,4,4,3,4,4,3,4,3,5,5,4,3,4,3,4,4,4,3,3,3,3,3
SYN_028_R4,SYN_028,SyntheticCo,4,4,4,3,5,2,4,4,4,4,5,4,5,4,2,5,3,4,4,4,4,5,3,4,4,4,4,5,4,4,4,3,3,3,3,4
SYN_028_R5,SYN_028,SyntheticCo,4,3,3,4,3,4,4,3,3,5,4,4,4,4,3,4,3,4,4,3,4,3,4,4,5,3,5,4,5,4,5,2,4,3,2,3
SYN_029_R1,SYN_029,SyntheticCo,3,3,3,2,2,4,4,3,3,4,3,3,4,2,4,4,4,3,3,3,3,4,3,3,3,3,2,4,3,4,3,3,4,3,4,3
SYN_029_R2,SYN_029,SyntheticCo,3,3,4,3,3,3,4,4,4,4,3,2,2,4,4,4,3,3,4,3,4,5,3,2,2,4,4,3,3,3,4,3,3,4,3,3
SYN_029_R3,SYN_029,SyntheticCo,3,4,4,4,4,4,3,4,3,2,3,3,3,4,4,5,4,3,3,3,3,2,3,3,3,3,3,4,3,2,3,4,2,3,4,3
SYN_029_R4,SYN_029,SyntheticCo,3,2,4,3,4,4,4,3,3,3,3,2,3,2,5,4,3,3,2,3,4,5,4,3,3,2,5,3,5,4,2,3,3,3,3,5
SYN_029_R5,SYN_029,SyntheticCo,3,3,4,3,4,3,4,4,3,4,4,3,3,2,4,4,4,3,3,3,2,3,2,2,3,2,4,4,3,3,4,3,3,4,4,4
SYN_030_R1,SYN_030,SyntheticCo,4,2,4,4,5,4,4,4,3,2,3,2,3,4,2,3,2,4,3,3,4,4,4,3,3,3,5,4,4,3,4,4,5,4,4,3
SYN_030_R2,SYN_030,SyntheticCo,4,3,3,4,4,5,4,4,2,3,2,2,4,3,3,3,2,4,3,2,4,4,4,4,2,3,3,4,4,4,3,3,4,5,4,3
SYN_030_R3,SYN_030,SyntheticCo,4,5,4,4,4,4,4,4,2,2,3,4,4,4,3,3,4,4,3,3,4,4,4,3,3,3,2,4,4,3,3,3,4,5,5,3
SYN_030_R4,SYN_030,SyntheticCo,4,4,4,4,4,5,5,3,3,3,3,4,3,3,3,2,3,3,3,4,4,4,4,3,3,2,4,4,2,4,3,3,3,4,5,3
SYN_030_R5,SYN_030,SyntheticCo,4,5,3,5,4,5,5,4,3,2,3,4,3,3,3,3,3,3,3,4,5,5,3,3,2,3,5,3,3,3,4,4,4,4,3,4
SYN_031_R1,SYN_031,SyntheticCo,4,4,3,4,4,5,3,4,4,5,5,5,4,5,5,3,5,5,4,3,5,4,4,4,4,3,3,4,5,5,3,3,3,4,3,3
SYN_031_R2,SYN_031,SyntheticCo,4,4,4,4,4,3,5,4,5,4,4,4,5,4,4,4,5,3,4,4,3,5,5,4,4,3,3,4,3,4,4,4,4,4,3,3
SYN_031_R3,SYN_031,SyntheticCo,4,4,4,3,4,5,5,4,5,5,5,5,5,5,5,4,4,4,4,3,4,4,5,4,3,4,4,3,4,3,3,3,3,3,3,3
SYN_031_R4,SYN_031,SyntheticCo,4,4,4,4,3,4,4,4,5,5,5,4,5,5,4,5,4,3,4,4,4,4,4,4,4,4,4,3,3,3,4,3,3,4,4,3
SYN_031_R5,SYN_031,SyntheticCo,4,5,5,5,4,4,5,4,5,5,5,4,5,5,4,4,5,5,4,3,4,5,5,3,4,4,4,4,3,4,5,3,4,3,3,4
SYN_032_R1,SYN_032,SyntheticCo,3,3,4,3,3,3,3,3,4,3,4,3,4,4,4,4,3,3,4,3,4,4,4,4,3,3,3,3,3,3,4,2,2,4,3,3
SYN_032_R2,SYN_032,SyntheticCo,3,3,3,3,4,3,3,2,4,5,4,1,4,5,2,4,2,4,3,2,3,4,3,4,3,2,3,4,4,2,2,2,2,3,3,2
SYN_032_R3,SYN_032,SyntheticCo,4,4,3,3,2,3,3,3,4,4,4,4,4,3,4,3,3,4,3,4,3,3,3,3,2,4,3,4,3,4,3,2,2,2,4,4
SYN_032_R4,SYN_032,SyntheticCo,4,3,4,3,3,4,3,4,4,4,4,2,3,4,4,3,3,4,4,4,3,3,4,1,4,5,2,3,3,3,4,3,3,3,3,5
SYN_032_R5,SYN_032,SyntheticCo,3,3,2,3,4,2,2,3,5,4,4,2,4,4,2,4,4,4,4,4,3,4,2,2,3,3,3,3,4,4,2,3,2,3,3,1
SYN_033_R1,SYN_033,SyntheticCo,5,4,3,5,3,3,3,4,3,3,4,4,3,4,5,3,3,4,4,3,3,2,2,3,3,4,3,3,3,4,4,4,3,4,3,4
SYN_033_R2,SYN_033,SyntheticCo,5,4,3,4,3,2,4,4,3,3,3,3,3,3,4,3,3,4,4,3,3,3,3,3,3,2,3,3,2,3,4,5,3,3,3,4
SYN_033_R3,SYN_033,SyntheticCo,4,3,3,2,4,3,3,2,3,3,3,4,4,4,4,4,3,4,4,4,4,2,3,3,4,3,4,4,4,4,2,4,3,3,3,4
SYN_033_R4,SYN_033,SyntheticCo,4,5,3,5,3,3,2,4,3,3,4,4,4,3,3,3,4,5,4,5,4,3,4,4,4,4,3,3,3,4,3,4,4,3,3,4
SYN_033_R5,SYN_033,SyntheticCo,4,3,3,3,4,4,4,3,4,3,4,4,3,3,3,3,3,5,5,3,2,3,3,4,4,3,3,3,3,3,2,3,3,4,4,4
SYN_034_R1,SYN_034,SyntheticCo,1,2,3,1,4,2,4,3,3,4,1,4,2,3,3,3,2,4,2,4,3,3,5,4,5,5,3,4,4,5,4,4,4,4,4,4
SYN_034_R2,SYN_034,SyntheticCo,2,2,2,2,3,4,3,4,1,3,2,3,3,3,2,4,3,3,3,2,4,5,4,3,4,4,4,4,2,4,3,3,4,4,3,4
SYN_034_R3,SYN_034,SyntheticCo,3,3,2,2,4,2,4,3,2,1,2,4,2,4,3,3,4,2,4,4,5,4,3,3,4,4,3,4,5,4,3,3,4,4,4,3
SYN_034_R4,SYN_034,SyntheticCo,3,3,2,2,3,5,3,4,2,2,2,4,3,3,3,3,4,4,4,4,3,3,3,3,4,4,4,2,5,3,5,3,3,2,4,3
SYN_034_R5,SYN_034,SyntheticCo,2,2,3,3,4,3,4,3,2,2,3,4,4,3,4,3,3,3,3,4,4,4,4,5,5,3,4,4,4,3,4,5,3,3,3,3
SYN_035_R1,SYN_035,SyntheticCo,5,4,4,4,3,2,4,4,4,3,3,4,4,3,4,3,3,2,4,4,4,3,4,3,4,3,3,3,2,4,3,3,3,3,4,5
SYN_035_R2,SYN_035,SyntheticCo,3,3,3,4,3,3,3,3,4,4,4,2,4,5,4,2,3,3,5,4,3,3,2,3,3,4,2,3,4,3,4,3,4,3,3,4
SYN_035_R3,SYN_035,SyntheticCo,3,4,3,4,4,4,3,3,4,3,3,4,4,3,4,3,4,3,3,4,4,3,4,3,3,3,4,3,4,3,3,4,3,3,3,4
SYN_035_R4,SYN_035,SyntheticCo,3,4,4,4,3,4,3,3,3,3,3,3,4,4,3,4,4,4,3,3,4,3,3,4,4,3,4,4,3,3,3,3,3,4,3,3
SYN_035_R5,SYN_035,SyntheticCo,4,3,4,4,3,3,3,2,4,5,3,4,4,5,4,2,4,5,4,3,3,2,4,3,3,3,3,4,3,3,3,2,3,3,4,3
SYN_036_R1,SYN_036,SyntheticCo,5,3,3,3,5,5,3,4,4,3,4,4,4,4,5,5,3,3,3,4,3,4,4,3,4,5,4,3,4,4,4,4,4,3,3,3
SYN_036_R2,SYN_036,SyntheticCo,4,3,4,4,4,4,5,4,3,4,4,3,4,4,4,3,5,3,5,4,4,4,4,3,4,5,3,4,3,3,5,3,3,5,4,5
SYN_036_R3,SYN_036,SyntheticCo,3,4,3,4,3,5,4,4,3,3,4,3,4,5,4,3,3,4,4,3,4,4,5,4,4,3,3,4,4,3,4,3,4,4,4,4
SYN_036_R4,SYN_036,SyntheticCo,3,3,5,4,4,4,3,4,4,4,5,3,4,4,2,4,3,5,4,3,4,4,3,4,4,5,4,4,4,4,4,5,4,4,5,4
SYN_036_R5,SYN_036,SyntheticCo,4,5,5,4,4,5,5,4,3,4,4,3,4,4,3,4,4,4,4,4,4,3,4,4,5,5,4,4,4,3,3,3,4,3,3,4
SYN_037_R1,SYN_037,SyntheticCo,3,3,3,4,3,3,3,3,3,3,4,3,2,3,3,2,3,4,3,4,4,4,5,3,3,4,3,3,3,3,3,3,4,3,2,3
SYN_037_R2,SYN_037,SyntheticCo,3,3,4,3,4,3,4,3,4,4,4,3,4,2,3,3,4,4,2,4,2,2,3,3,2,3,3,4,3,3,3,4,2,3,3,3
SYN_037_R3,SYN_037,SyntheticCo,3,3,3,3,3,3,3,3,3,2,4,3,4,3,4,3,3,2,3,4,4,2,3,3,3,2,2,3,2,3,3,4,3,3,4,4
SYN_037_R4,SYN_037,SyntheticCo,3,3,4,4,3,4,3,3,3,3,3,4,4,3,4,4,4,2,3,3,3,3,2,2,3,3,4,3,3,3,4,3,3,3,4,4
SYN_037_R5,SYN_037,SyntheticCo,3,3,4,3,3,3,3,3,3,3,3,3,3,3,4,4,4,3,3,2,3,3,3,3,2,2,4,3,3,2,3,4,3,3,4,2
SYN_038_R1,SYN_038,SyntheticCo,4,4,1,3,3,3,3,4,3,2,3,4,3,2,5,3,4,3,4,4,4,2,2,3,3,2,4,3,4,5,3,4,3,4,3,3
SYN_038_R2,SYN_038,SyntheticCo,3,3,3,4,3,4,3,4,2,3,3,3,4,4,4,3,4,3,3,3,3,3,2,3,4,4,3,3,4,2,4,4,5,3,4,4
SYN_038_R3,SYN_038,SyntheticCo,3,2,3,3,4,4,3,3,2,4,2,4,4,4,4,4,4,3,4,3,3,4,3,4,3,3,4,4,4,3,3,5,4,3,5,4
SYN_038_R4,SYN_038,SyntheticCo,4,2,3,4,3,3,3,4,2,3,2,4,4,3,3,5,4,3,2,3,2,3,4,3,4,3,3,5,3,4,3,5,3,4,4,4
SYN_038_R5,SYN_038,SyntheticCo,3,3,4,3,4,3,4,3,3,2,3,3,3,3,4,3,4,3,5,4,3,4,2,2,3,3,3,4,4,3,4,4,4,3,5,4
SYN_039_R1,SYN_039,SyntheticCo,4,3,4,3,2,3,2,1,2,5,5,4,3,2,4,4,3,5,5,4,3,2,4,3,3,3,3,3,2,4,3,5,4,4,3,5
SYN_039_R2,SYN_039,SyntheticCo,3,3,3,3,1,2,3,2,4,4,4,2,3,3,3,4,3,4,4,3,3,2,2,2,2,4,3,3,3,4,3,4,4,5,5,4
SYN_039_R3,SYN_039,SyntheticCo,4,5,2,3,2,2,2,1,5,3,4,3,3,2,3,4,4,4,3,4,3,3,4,3,2,3,3,3,3,2,3,4,4,5,5,5
SYN_039_R4,SYN_039,SyntheticCo,4,4,4,5,3,3,2,2,4,4,3,3,1,4,4,4,5,4,5,3,4,3,3,4,2,3,4,2,3,3,4,3,5,4,4,3
SYN_039_R5,SYN_039,SyntheticCo,3,4,3,4,2,2,2,2,4,4,4,3,3,2,4,4,3,3,3,4,2,3,2,2,3,3,2,3,3,3,3,4,5,4,4,4
SYN_040_R1,SYN_040,SyntheticCo,5,5,4,5,4,4,4,4,4,5,4,4,3,3,4,4,5,4,5,4,4,4,2,4,3,3,4,4,4,5,4,5,4,5,5,3
SYN_040_R2,SYN_040,SyntheticCo,5,4,5,5,4,3,4,3,5,5,5,2,3,3,4,5,4,5,5,3,4,3,3,3,4,4,4,4,4,4,4,4,5,4,3,3
SYN_040_R3,SYN_040,SyntheticCo,5,4,5,5,3,3,3,4,5,4,5,4,3,3,5,4,5,5,4,5,4,4,3,3,3,3,4,3,4,4,3,4,4,4,4,4
SYN_040_R4,SYN_040,SyntheticCo,4,4,5,5,3,3,3,5,4,4,5,3,2,4,4,5,4,4,5,5,4,4,3,4,4,3,5,4,4,4,4,3,4,4,4,4
SYN_040_R5,SYN_040,SyntheticCo,5,5,5,5,3,5,3,3,4,4,5,4,3,3,5,4,4,5,4,5,4,4,3,4,3,3,4,3,5,3,4,5,4,4,4,5
SYN_041_R1,SYN_041,SyntheticCo,4,4,4,4,3,3,4,4,3,3,3,3,3,3,4,4,3,4,4,3,3,3,3,4,3,4,3,4,3,4,3,4,3,3,4,4
SYN_041_R2,SYN_041,SyntheticCo,5,4,5,4,4,3,4,2,3,4,3,4,4,3,4,4,4,4,4,4,4,3,4,3,4,4,4,3,4,4,3,4,5,4,4,4
SYN_041_R3,SYN_041,SyntheticCo,3,4,3,3,5,3,3,4,3,3,4,3,2,4,4,5,4,5,5,4,3,3,2,4,4,4,4,4,4,3,3,3,3,3,4,2
SYN_041_R4,SYN_041,SyntheticCo,3,4,3,5,3,3,3,3,3,3,3,3,2,3,5,5,5,5,4,4,2,4,3,5,4,5,4,4,5,3,3,3,3,4,3,4
SYN_041_R5,SYN_041,SyntheticCo,4,3,5,4,4,4,4,3,2,3,3,3,3,3,4,5,4,4,4,5,3,3,3,4,5,4,4,4,3,3,4,3,3,2,3,3
SYN_042_R1,SYN_042,SyntheticCo,4,3,4,3,4,3,4,4,3,4,3,4,4,4,3,4,4,4,3,4,4,5,3,3,5,3,2,3,2,4,4,3,3,4,2,3
SYN_042_R2,SYN_042,SyntheticCo,3,3,3,3,4,3,4,4,4,3,4,4,4,5,3,4,4,4,3,3,5,4,3,4,3,3,4,3,3,4,4,4,4,3,2,3
SYN_042_R3,SYN_042,SyntheticCo,4,3,3,4,4,3,3,3,4,4,4,4,4,4,3,4,4,4,4,4,4,4,5,4,3,3,2,3,4,3,4,2,3,4,4,4
SYN_042_R4,SYN_042,SyntheticCo,3,4,3,3,3,2,3,4,4,4,3,3,5,3,3,3,4,3,3,3,3,3,5,2,3,3,4,3,4,3,4,3,2,4,4,4
SYN_042_R5,SYN_042,SyntheticCo,3,5,3,4,4,5,3,3,3,5,4,4,5,4,3,3,3,4,4,3,3,5,4,3,4,3,4,4,4,4,4,4,3,4,3,4
SYN_043_R1,SYN_043,SyntheticCo,3,3,2,3,3,2,3,3,4,4,2,3,2,3,3,3,3,3,4,3,4,4,3,1,3,2,4,3,2,4,3,4,3,3,3,2
SYN_043_R2,SYN_043,SyntheticCo,3,2,3,3,3,2,4,3,3,4,3,2,4,3,3,3,4,3,2,3,4,3,3,3,3,2,3,3,3,3,3,2,3,3,4,2
SYN_043_R3,SYN_043,SyntheticCo,3,3,3,3,4,3,3,3,3,4,3,2,3,3,2,4,3,2,1,2,3,3,3,2,2,2,3,3,3,4,3,3,3,4,3,3
SYN_043_R4,SYN_043,SyntheticCo,3,4,3,4,4,3,3,2,3,3,3,2,2,3,3,2,3,2,3,4,3,2,3,2,1,3,4,4,3,4,3,3,3,3,2,3
SYN_043_R5,SYN_043,SyntheticCo,3,3,4,2,3,2,3,4,4,3,3,2,3,3,3,2,2,3,4,2,3,4,3,3,3,2,3,3,3,3,4,2,4,3,3,3
SYN_044_R1,SYN_044,SyntheticCo,4,4,3,4,2,3,4,4,3,3,3,3,2,3,4,3,4,4,4,3,3,2,3,3,4,3,3,2,3,3,4,3,3,4,3,3
SYN_044_R2,SYN_044,SyntheticCo,5,3,4,4,4,3,3,3,3,5,4,3,3,3,3,3,4,4,5,3,3,3,4,2,3,3,3,2,2,4,2,3,3,3,3,3
SYN_044_R3,SYN_044,SyntheticCo,3,4,4,2,4,3,4,4,4,4,4,4,2,3,4,4,4,4,5,5,3,3,4,2,2,3,3,3,3,2,3,3,4,4,4,3
SYN_044_R4,SYN_044,SyntheticCo,3,4,4,5,5,2,3,3,4,4,4,3,2,2,3,3,3,4,4,4,4,3,4,3,3,2,3,3,3,3,3,4,3,4,3,4
SYN_044_R5,SYN_044,SyntheticCo,3,3,4,3,3,4,3,3,3,3,5,2,2,3,3,5,3,5,5,4,3,3,3,2,2,1,3,3,3,2,2,3,3,3,4,5
SYN_045_R1,SYN_045,SyntheticCo,3,4,3,2,4,3,4,3,2,4,3,3,5,4,4,3,3,4,4,4,4,4,4,4,4,3,5,4,4,5,3,5,4,4,3,3
SYN_045_R2,SYN_045,SyntheticCo,3,3,4,3,2,3,5,3,4,3,3,5,4,5,3,4,3,4,4,3,5,4,4,5,4,4,4,4,4,4,4,4,4,3,4,3
SYN_045_R3,SYN_045,SyntheticCo,5,2,3,3,5,3,4,4,3,4,4,4,4,3,3,3,3,2,4,2,4,3,3,5,5,5,5,4,5,3,5,3,3,4,4,4
SYN_045_R4,SYN_045,SyntheticCo,3,3,4,3,4,4,4,3,3,2,3,5,4,4,4,2,3,4,2,3,5,5,4,5,4,5,4,4,4,5,5,4,3,3,4,4
SYN_045_R5,SYN_045,SyntheticCo,3,3,4,3,4,5,5,4,2,3,5,4,4,5,4,5,3,3,4,3,4,4,5,5,5,4,5,5,5,4,3,3,3,3,4,5
SYN_046_R1,SYN_046,SyntheticCo,4,3,2,4,3,2,4,4,2,3,3,4,3,3,4,3,4,3,2,4,3,3,3,3,4,2,4,4,4,3,3,4,3,3,4,4
SYN_046_R2,SYN_046,SyntheticCo,2,3,3,4,4,4,4,4,3,3,3,3,3,4,4,4,3,4,3,3,3,2,3,3,3,4,2,4,4,4,3,3,3,3,3,3
SYN_046_R3,SYN_046,SyntheticCo,3,3,3,2,3,3,3,4,4,2,4,3,3,2,5,3,4,3,4,4,3,3,4,3,3,3,2,3,3,2,3,3,4,3,3,4
SYN_046_R4,SYN_046,SyntheticCo,3,4,3,3,4,3,3,4,3,3,4,3,2,3,3,5,4,3,4,2,3,3,3,3,3,3,3,3,3,3,3,4,3,3,4,5
SYN_046_R5,SYN_046,SyntheticCo,3,3,3,2,4,3,3,3,3,4,3,3,3,3,4,4,3,3,3,3,3,3,4,3,3,4,3,3,5,3,4,4,3,4,4,4
SYN_047_R1,SYN_047,SyntheticCo,4,4,4,4,4,4,3,4,4,4,4,5,4,4,5,4,5,4,4,4,4,3,4,4,3,4,3,4,3,4,3,4,4,3,3,4
SYN_047_R2,SYN_047,SyntheticCo,4,3,5,4,4,4,3,4,4,4,4,4,3,4,4,5,5,5,5,4,4,3,3,5,4,4,3,3,3,4,3,4,3,3,4,3
SYN_047_R3,SYN_047,SyntheticCo,5,3,4,3,3,5,5,4,3,4,4,4,4,4,4,4,5,4,4,4,4,4,3,4,3,3,4,5,2,4,5,3,3,4,4,4
SYN_047_R4,SYN_047,SyntheticCo,4,5,4,4,4,3,4,4,4,4,3,4,4,5,4,5,5,5,4,3,4,3,4,4,3,3,4,3,4,4,4,4,4,3,4,4
SYN_047_R5,SYN_047,SyntheticCo,4,4,4,4,5,5,4,4,4,4,4,4,4,3,5,5,4,5,5,4,4,4,4,4,3,5,4,3,3,4,3,4,4,3,3,4
SYN_048_R1,SYN_048,SyntheticCo,3,4,3,3,4,4,3,3,3,3,3,4,4,5,4,3,4,4,2,3,4,4,4,5,4,5,3,3,3,2,4,5,4,4,3,3
SYN_048_R2,SYN_048,SyntheticCo,4,5,4,4,4,4,3,3,2,3,3,3,4,4,3,4,4,2,3,2,3,4,4,4,4,4,3,3,4,3,3,5,3,4,4,4
SYN_048_R3,SYN_048,SyntheticCo,4,4,4,3,4,5,4,4,3,2,3,5,5,4,4,5,4,4,3,3,4,5,5,3,4,5,3,3,4,4,3,3,3,3,3,3
SYN_048_R4,SYN_048,SyntheticCo,3,3,3,4,2,3,2,4,2,3,4,5,3,4,3,3,4,3,3,2,5,3,4,4,4,4,3,3,3,4,4,3,4,4,3,3
SYN_048_R5,SYN_048,SyntheticCo,4,3,5,3,3,3,5,3,3,3,3,4,4,2,4,4,4,4,3,3,4,5,4,3,4,5,4,4,3,4,3,3,3,4,3,3
SYN_049_R1,SYN_049,SyntheticCo,5,5,4,3,5,4,4,5,4,4,4,5,4,3,3,4,3,3,4,5,4,4,4,5,5,3,4,5,4,4,5,4,5,5,4,4
SYN_049_R2,SYN_049,SyntheticCo,3,4,4,4,5,5,5,4,5,4,3,4,4,4,3,4,4,4,5,4,5,4,5,4,4,4,4,5,4,4,4,5,4,4,3,4
SYN_049_R3,SYN_049,SyntheticCo,5,4,4,5,4,5,5,4,3,5,4,4,4,4,5,3,4,3,5,4,4,4,4,4,5,5,4,5,4,4,3,4,4,3,5,5
SYN_049_R4,SYN_049,SyntheticCo,4,3,3,4,5,4,5,4,4,5,4,3,5,4,4,3,5,4,4,4,4,4,4,5,4,4,3,3,5,4,4,4,4,5,4,3
SYN_049_R5,SYN_049,SyntheticCo,4,5,5,5,4,4,3,5,5,4,4,5,5,5,4,4,4,5,4,4,5,5,4,4,5,5,4,5,4,5,5,4,4,4,4,3
SYN_050_R1,SYN_050,SyntheticCo,4,4,4,4,4,3,4,4,2,4,2,3,3,4,3,3,4,2,2,3,2,3,3,4,4,4,3,2,3,4,4,3,2,3,4,2
SYN_050_R2,SYN_050,SyntheticCo,3,4,3,3,4,4,3,3,5,3,4,4,3,3,5,5,3,3,3,2,4,3,3,3,3,3,2,4,3,4,3,3,4,3,3,4
SYN_050_R3,SYN_050,SyntheticCo,3,4,4,4,4,4,3,3,5,3,3,4,4,3,4,3,4,2,3,2,3,4,4,3,4,4,3,2,3,3,4,3,2,4,3,3
SYN_050_R4,SYN_050,SyntheticCo,3,3,4,3,3,3,5,4,2,4,4,3,2,3,5,5,3,4,1,2,3,4,4,4,3,4,3,2,2,4,3,2,3,3,3,2
SYN_050_R5,SYN_050,SyntheticCo,5,4,3,3,4,3,4,3,3,3,3,4,3,3,3,3,4,3,1,3,4,4,3,2,3,3,3,1,3,4,3,4,2,2,4,3
SYN_051_R1,SYN_051,SyntheticCo,4,3,4,3,4,5,4,3,3,3,5,3,3,4,4,3,3,3,3,3,3,3,5,4,4,3,4,3,4,4,4,5,4,4,4,4
SYN_051_R2,SYN_051,SyntheticCo,3,4,3,3,4,4,3,3,4,4,5,5,4,3,3,3,3,3,3,3,4,3,3,4,4,4,4,4,3,4,4,4,2,3,4,2
SYN_051_R3,SYN_051,SyntheticCo,4,4,3,3,3,3,3,3,4,4,4,5,3,4,3,3,2,2,2,3,4,2,3,3,3,4,3,3,4,4,3,4,3,4,4,3
SYN_051_R4,SYN_051,SyntheticCo,4,3,4,4,4,4,4,3,3,2,4,3,4,2,3,4,3,3,3,3,4,4,3,3,3,4,3,3,3,3,3,2,4,4,2,4
SYN_051_R5,SYN_051,SyntheticCo,4,4,3,3,4,4,4,4,4,4,5,4,4,5,3,4,3,4,4,3,4,4,3,3,4,4,3,3,4,3,5,4,3,4,3,4
SYN_052_R1,SYN_052,SyntheticCo,3,3,4,5,4,3,4,4,3,4,3,3,3,4,2,3,3,5,5,3,4,3,4,5,4,4,4,5,2,4,4,3,4,5,3,5
SYN_052_R2,SYN_052,SyntheticCo,3,4,4,3,4,4,4,3,3,3,3,3,3,4,4,3,5,2,4,4,4,4,4,4,4,4,3,5,4,4,4,4,5,5,5,4
SYN_052_R3,SYN_052,SyntheticCo,4,4,3,3,4,4,3,4,4,4,4,3,5,3,2,3,3,4,4,4,3,4,4,5,4,3,3,4,3,3,5,3,5,4,4,3
SYN_052_R4,SYN_052,SyntheticCo,4,4,3,4,3,3,3,4,3,4,3,4,4,3,4,3,3,4,4,4,4,3,4,4,3,4,5,4,4,4,5,2,4,3,3,4
SYN_052_R5,SYN_052,SyntheticCo,5,5,4,4,3,4,4,4,4,3,4,3,4,3,3,4,3,4,4,3,4,4,3,4,4,4,5,4,4,4,4,4,4,3,4,4
SYN_053_R1,SYN_053,SyntheticCo,3,3,5,3,2,2,4,4,3,4,4,3,3,3,3,3,2,3,4,3,4,4,4,4,4,4,3,3,3,3,3,4,2,3,2,3
SYN_053_R2,SYN_053,SyntheticCo,5,3,3,3,3,4,3,4,2,2,3,2,4,2,2,3,2,2,4,3,3,3,4,4,3,3,3,4,3,4,3,3,2,2,2,2
SYN_053_R3,SYN_053,SyntheticCo,3,2,3,3,3,3,4,3,3,2,2,2,4,3,2,2,2,3,3,3,5,4,4,4,3,4,3,4,3,3,3,4,2,4,3,2
SYN_053_R4,SYN_053,SyntheticCo,3,2,3,2,3,4,3,3,2,3,5,3,3,3,3,3,3,4,3,3,4,3,4,3,2,4,2,4,3,4,4,2,2,2,2,4
SYN_053_R5,SYN_053,SyntheticCo,3,4,3,3,3,4,3,2,4,3,3,1,3,3,3,3,2,3,3,4,3,4,3,3,4,3,3,2,3,2,3,4,3,3,4,3
SYN_054_R1,SYN_054,SyntheticCo,3,3,4,3,3,4,4,3,2,3,3,5,5,4,3,4,3,3,3,2,4,4,5,3,3,3,3,3,4,4,4,3,4,3,4,4
SYN_054_R2,SYN_054,SyntheticCo,4,5,4,5,3,3,4,3,3,3,4,4,4,4,3,3,4,3,3,3,5,4,4,2,3,4,4,4,4,4,5,4,5,4,3,4
SYN_054_R3,SYN_054,SyntheticCo,4,5,5,5,4,4,3,4,3,3,3,4,4,4,2,3,4,4,4,4,4,4,5,3,3,3,3,4,4,4,4,4,4,3,3,4
SYN_054_R4,SYN_054,SyntheticCo,3,4,5,5,4,4,5,2,3,3,3,5,4,4,3,3,3,3,3,4,5,5,4,2,3,5,5,4,4,4,3,5,4,4,4,4
SYN_054_R5,SYN_054,SyntheticCo,3,3,4,3,4,4,4,4,3,4,3,4,4,4,3,4,3,4,4,3,5,4,5,3,3,3,3,4,3,4,4,4,3,4,4,4
SYN_055_R1,SYN_055,SyntheticCo,4,3,2,4,3,2,3,4,3,5,3,4,3,4,3,2,5,3,3,4,4,4,2,4,3,5,2,3,3,3,3,5,4,4,3,5
SYN_055_R2,SYN_055,SyntheticCo,3,4,5,4,4,1,3,4,4,3,3,2,4,3,4,4,3,3,3,3,2,3,2,3,4,4,3,3,4,3,3,4,4,4,4,4
SYN_055_R3,SYN_055,SyntheticCo,2,2,3,3,4,3,4,2,3,3,4,3,4,3,3,4,4,2,3,2,2,3,3,4,4,4,3,3,3,2,3,4,4,5,3,4
SYN_055_R4,SYN_055,SyntheticCo,2,3,3,4,3,3,3,2,3,3,4,4,4,4,2,4,3,4,4,3,2,3,3,4,4,4,4,3,2,3,3,4,4,3,4,4
SYN_055_R5,SYN_055,SyntheticCo,4,3,2,4,3,2,3,3,4,3,4,3,3,3,3,4,5,3,3,3,3,2,3,5,3,4,3,3,3,3,4,5,4,4,5,3
SYN_056_R1,SYN_056,SyntheticCo,3,4,4,4,3,2,3,4,3,4,3,3,4,4,4,3,3,4,4,5,5,5,3,4,4,4,4,5,4,4,3,4,4,4,4,4
SYN_056_R2,SYN_056,SyntheticCo,4,4,4,3,4,3,2,3,4,4,2,4,5,4,4,4,4,5,2,5,4,5,3,3,4,4,4,4,4,4,4,4,4,5,5,5
SYN_056_R3,SYN_056,SyntheticCo,4,2,4,3,3,3,3,3,3,4,3,4,4,4,4,4,4,5,4,3,4,4,4,5,4,4,4,4,4,4,3,4,5,4,5,3
SYN_056_R4,SYN_056,SyntheticCo,3,4,4,4,3,4,3,3,4,4,3,4,4,4,4,3,4,4,4,3,4,4,4,4,4,5,3,3,3,3,3,4,5,5,4,5
SYN_056_R5,SYN_056,SyntheticCo,3,3,4,3,3,4,3,3,3,4,4,4,3,3,3,4,4,4,3,4,3,4,4,3,4,5,4,4,4,3,3,3,5,5,4,4
SYN_057_R1,SYN_057,SyntheticCo,3,4,5,4,3,2,4,3,2,3,2,3,3,3,4,4,4,3,5,3,3,3,3,2,4,2,4,3,3,4,5,3,3,3,3,3
SYN_057_R2,SYN_057,SyntheticCo,4,3,5,4,3,3,3,4,2,2,3,4,4,4,4,3,4,3,2,4,3,3,3,4,4,4,4,3,4,3,3,5,4,4,3,4
SYN_057_R3,SYN_057,SyntheticCo,4,4,4,4,4,3,3,4,3,3,3,2,4,3,3,3,4,3,3,3,3,3,4,2,3,3,4,3,3,4,4,4,3,3,4,3
SYN_057_R4,SYN_057,SyntheticCo,4,4,3,5,3,3,3,4,4,3,3,3,3,4,3,2,5,3,3,4,3,3,3,2,3,4,4,3,4,2,4,4,5,3,3,3
SYN_057_R5,SYN_057,SyntheticCo,4,4,4,3,2,3,4,3,4,4,3,3,3,4,4,4,3,3,3,3,4,2,3,3,3,4,3,3,5,4,4,4,3,5,4,3
SYN_058_R1,SYN_058,SyntheticCo,3,4,4,3,4,4,4,4,4,5,4,4,4,5,4,5,5,4,3,5,4,3,4,4,5,4,5,5,4,4,5,4,5,4,4,4
SYN_058_R2,SYN_058,SyntheticCo,4,3,4,4,4,5,3,4,4,5,4,4,3,5,4,4,4,5,4,4,5,4,4,5,4,4,5,5,5,4,5,4,4,4,4,4
SYN_058_R3,SYN_058,SyntheticCo,4,5,4,4,3,4,4,3,5,4,5,3,4,4,4,4,5,5,4,4,3,4,4,4,3,4,5,5,3,4,4,4,3,5,4,4
SYN_058_R4,SYN_058,SyntheticCo,5,4,4,4,3,4,5,4,5,4,5,3,3,4,5,5,4,4,4,5,4,4,5,4,5,4,5,4,4,4,4,4,3,3,4,3
SYN_058_R5,SYN_058,SyntheticCo,4,4,5,4,5,4,4,4,5,5,4,3,3,4,3,5,5,4,4,5,3,3,4,4,5,5,5,4,5,4,3,4,3,4,3,4
SYN_059_R1,SYN_059,SyntheticCo,3,4,2,2,2,3,3,2,4,4,3,3,3,3,2,2,3,3,4,4,3,3,4,3,4,3,4,3,3,3,3,4,4,3,3,3
SYN_059_R2,SYN_059,SyntheticCo,2,4,3,4,3,3,3,2,3,4,4,4,4,3,3,3,2,3,3,3,3,3,4,1,3,2,3,3,4,4,3,4,4,4,3,3
SYN_059_R3,SYN_059,SyntheticCo,3,3,2,2,3,3,2,3,4,4,4,3,3,4,2,2,3,2,4,3,4,2,3,3,2,2,3,3,3,2,3,4,3,3,4,4
SYN_059_R4,SYN_059,SyntheticCo,3,2,3,3,3,3,3,2,4,3,4,2,3,4,2,3,1,3,3,4,2,3,4,2,2,3,2,3,4,4,3,3,4,4,3,4
SYN_059_R5,SYN_059,SyntheticCo,4,4,3,3,3,3,2,3,4,4,3,3,3,3,3,3,3,2,3,3,3,4,4,3,3,3,3,2,4,3,4,4,2,3,4,3
SYN_060_R1,SYN_060,SyntheticCo,3,4,4,4,3,5,4,3,3,4,4,3,4,5,4,3,3,5,4,5,4,4,3,3,3,4,3,3,3,2,2,4,3,3,4,4
SYN_060_R2,SYN_060,SyntheticCo,4,5,4,4,4,3,4,2,3,4,3,3,5,4,3,4,3,4,4,3,4,4,4,3,3,4,3,4,3,4,2,3,2,3,4,3
SYN_060_R3,SYN_060,SyntheticCo,4,5,4,4,4,4,4,5,3,3,3,4,4,3,3,3,4,4,4,3,4,4,4,3,3,3,3,4,4,4,4,3,3,3,3,3
SYN_060_R4,SYN_060,SyntheticCo,3,3,2,2,3,5,5,3,4,3,3,3,4,4,4,4,4,4,3,3,3,4,3,2,3,2,4,3,4,4,3,3,3,3,3,2
SYN_060_R5,SYN_060,SyntheticCo,4,3,4,4,4,4,4,4,4,4,4,4,3,3,4,4,3,4,5,3,4,2,3,4,3,3,4,2,3,3,4,2,3,3,3,4
SYN_061_R1,SYN_061,SyntheticCo,3,2,2,2,2,2,2,2,2,2,2,3,3,4,4,2,2,3,4,3,3,4,3,3,3,3,4,3,4,3,3,2,3,3,2,3
SYN_061_R2,SYN_061,SyntheticCo,2,3,3,2,2,2,4,2,2,1,1,3,3,4,3,4,2,3,2,4,3,3,2,3,3,3,3,4,4,3,4,1,3,2,3,2
SYN_061_R3,SYN_061,SyntheticCo,3,3,2,2,2,4,3,2,2,3,2,3,3,3,2,1,2,4,3,3,3,4,3,4,3,3,3,3,3,4,3,3,4,3,4,3
SYN_061_R4,SYN_061,SyntheticCo,3,1,2,3,4,3,3,2,2,3,1,4,4,3,2,2,3,4,3,3,3,3,3,3,2,2,3,2,3,3,3,4,2,4,3,3
SYN_061_R5,SYN_061,SyntheticCo,2,3,3,3,1,3,3,2,3,3,2,4,3,3,2,2,1,3,2,4,4,3,3,2,3,4,3,2,4,4,4,4,4,3,2,3
SYN_062_R1,SYN_062,SyntheticCo,3,3,3,2,3,4,5,3,3,3,4,5,3,4,3,3,4,4,3,3,4,3,4,4,4,3,3,3,3,4,4,4,3,3,5,4
SYN_062_R2,SYN_062,SyntheticCo,3,3,4,4,4,3,3,5,4,3,4,3,4,4,2,3,3,5,3,4,4,3,4,3,3,4,4,4,3,3,4,4,4,4,3,3
SYN_062_R3,SYN_062,SyntheticCo,3,4,4,4,3,4,3,4,3,3,5,4,3,4,2,2,4,4,3,3,4,5,4,2,5,4,4,4,4,4,3,3,4,4,3,3
SYN_062_R4,SYN_062,SyntheticCo,4,3,3,3,3,2,3,4,3,4,4,4,4,3,2,3,3,4,3,3,4,5,4,3,3,3,3,4,4,3,3,4,3,4,3,3
SYN_062_R5,SYN_062,SyntheticCo,3,3,2,3,4,3,2,2,3,2,3,5,3,3,4,3,3,3,3,4,4,3,3,3,3,3,3,4,3,4,3,4,3,3,5,4
SYN_063_R1,SYN_063,SyntheticCo,3,5,3,4,3,3,3,4,4,4,4,4,4,5,3,4,4,4,4,3,3,3,4,4,4,4,4,3,3,4,2,3,3,4,3,3
SYN_063_R2,SYN_063,SyntheticCo,4,3,3,4,3,3,3,3,4,4,3,4,4,5,4,4,5,3,3,2,5,5,3,3,4,5,3,3,5,4,4,3,4,3,3,4
SYN_063_R3,SYN_063,SyntheticCo,2,3,3,3,3,3,3,4,4,3,4,4,4,3,4,3,4,3,3,4,4,4,4,4,3,4,4,5,3,4,4,4,4,4,3,3
SYN_063_R4,SYN_063,SyntheticCo,2,4,4,4,3,3,4,4,5,4,4,5,4,4,4,3,4,3,4,4,4,3,5,3,3,3,5,4,4,3,3,4,4,4,4,2
SYN_063_R5,SYN_063,SyntheticCo,3,4,3,3,3,4,4,4,3,4,3,4,3,3,4,5,3,3,4,4,4,4,3,3,4,3,4,3,4,4,4,3,3,4,3,4
SYN_064_R1,SYN_064,SyntheticCo,2,3,2,3,4,4,3,3,4,3,3,5,3,4,3,4,4,3,3,2,3,4,3,3,2,3,3,3,3,3,3,3,3,4,3,2
SYN_064_R2,SYN_064,SyntheticCo,3,4,3,4,3,4,4,4,3,3,4,3,4,3,4,3,3,3,3,3,4,3,3,3,2,4,3,3,4,3,2,3,4,4,2,4
SYN_064_R3,SYN_064,SyntheticCo,3,2,2,4,2,3,4,4,4,3,4,3,4,4,3,4,3,4,2,3,4,4,4,4,3,3,4,4,4,2,3,4,3,4,4,3
SYN_064_R4,SYN_064,SyntheticCo,2,3,4,2,3,3,4,3,3,4,4,3,3,4,4,3,3,3,3,2,3,3,3,4,3,3,4,3,4,4,3,5,4,3,4,3
SYN_064_R5,SYN_064,SyntheticCo,3,2,2,3,4,4,4,4,4,3,4,4,4,3,5,4,4,4,3,3,4,4,5,4,3,3,4,4,3,3,3,4,3,4,4,4
SYN_065_R1,SYN_065,SyntheticCo,4,3,4,3,5,5,5,4,4,4,4,4,5,4,3,5,4,3,3,5,5,4,5,4,4,4,4,4,3,4,5,4,3,4,3,3
SYN_065_R2,SYN_065,SyntheticCo,4,3,4,3,5,5,4,3,4,4,4,4,4,4,4,4,3,5,3,4,4,4,4,4,3,4,3,5,4,4,3,3,4,5,4,4
SYN_065_R3,SYN_065,SyntheticCo,4,3,4,3,3,3,5,4,4,4,3,4,4,3,3,3,4,4,3,3,5,3,4,4,4,4,3,4,4,4,3,4,4,3,3,4
SYN_065_R4,SYN_065,SyntheticCo,3,3,3,3,3,4,5,5,4,3,4,4,4,5,3,2,3,4,4,3,3,4,3,4,3,3,3,4,4,4,4,4,3,3,3,5
SYN_065_R5,SYN_065,SyntheticCo,3,3,4,3,5,4,4,5,5,5,4,4,4,4,3,4,4,4,3,4,3,3,4,4,5,4,5,4,4,5,3,3,4,4,4,4
SYN_066_R1,SYN_066,SyntheticCo,3,4,3,4,5,3,4,4,3,3,3,3,5,4,4,4,3,4,2,3,3,4,4,3,4,2,4,4,3,5,3,3,3,4,4,5
SYN_066_R2,SYN_066,SyntheticCo,4,4,5,4,5,5,4,4,2,3,2,3,4,3,4,4,4,3,4,3,4,3,4,4,4,3,3,3,3,3,4,4,3,4,3,4
SYN_066_R3,SYN_066,SyntheticCo,3,3,3,3,5,4,4,5,4,2,3,4,4,4,3,5,4,3,3,2,4,4,3,4,4,4,4,4,4,3,3,3,4,4,4,3
SYN_066_R4,SYN_066,SyntheticCo,4,4,5,3,4,5,4,4,2,4,2,4,4,4,3,5,4,3,4,3,4,5,4,2,4,4,4,4,3,4,3,3,4,4,3,4
SYN_066_R5,SYN_066,SyntheticCo,4,3,3,3,4,4,5,4,3,3,3,4,4,4,4,4,3,3,3,4,4,4,5,3,4,3,4,4,5,5,4,5,3,3,3,4
SYN_067_R1,SYN_067,SyntheticCo,3,2,4,5,4,4,3,3,3,4,3,3,4,4,3,3,3,3,4,3,4,3,4,4,4,4,3,2,3,3,2,3,2,3,3,3
SYN_067_R2,SYN_067,SyntheticCo,3,3,3,3,3,3,3,3,3,4,3,3,3,3,4,3,3,3,3,2,3,4,3,5,5,4,4,3,3,3,4,3,3,4,3,4
SYN_067_R3,SYN_067,SyntheticCo,4,3,4,3,3,3,5,3,3,2,4,3,3,3,4,4,3,3,3,4,3,4,3,4,4,5,2,2,4,4,2,3,3,3,3,2
SYN_067_R4,SYN_067,SyntheticCo,3,3,3,3,4,3,3,3,3,3,2,2,3,3,2,2,3,3,2,4,3,4,3,4,4,2,3,3,3,2,3,3,3,3,4,4
SYN_067_R5,SYN_067,SyntheticCo,4,4,3,5,3,3,4,4,3,3,2,4,3,4,2,3,3,4,4,4,2,3,3,4,5,4,2,3,5,4,1,3,4,3,3,3
SYN_068_R1,SYN_068,SyntheticCo,4,3,5,4,3,4,2,3,3,5,3,2,3,3,4,5,4,4,3,4,3,3,3,3,4,4,4,3,3,3,4,4,4,4,4,5
SYN_068_R2,SYN_068,SyntheticCo,3,4,5,3,3,3,2,3,4,4,3,3,4,4,4,3,4,3,4,3,2,3,4,4,4,4,4,4,3,4,5,4,4,4,4,4
SYN_068_R3,SYN_068,SyntheticCo,4,4,4,3,3,3,3,2,4,4,3,4,2,4,3,2,3,3,3,3,3,3,2,5,4,3,3,4,3,4,3,4,3,4,4,4
SYN_068_R4,SYN_068,SyntheticCo,3,4,4,3,3,3,3,3,3,3,4,4,2,2,4,3,4,4,4,3,4,3,4,4,3,4,5,4,4,3,4,3,4,4,5,3
SYN_068_R5,SYN_068,SyntheticCo,4,5,4,4,3,3,2,3,3,4,3,3,3,3,3,3,3,4,4,3,3,2,3,4,3,3,3,4,4,3,3,4,4,4,4,4
SYN_069_R1,SYN_069,SyntheticCo,4,5,4,4,4,5,4,5,3,3,4,3,4,4,3,4,3,4,5,4,5,4,4,3,3,4,4,4,5,4,4,5,3,5,4,4
SYN_069_R2,SYN_069,SyntheticCo,4,4,5,5,4,4,4,5,2,4,3,2,3,5,3,4,4,4,4,3,4,5,4,4,3,5,4,5,4,5,3,4,4,4,5,4
SYN_069_R3,SYN_069,SyntheticCo,5,4,4,4,4,4,4,5,3,5,4,4,4,3,4,5,4,5,5,4,4,5,5,3,4,3,4,5,4,3,5,3,3,5,4,4
SYN_069_R4,SYN_069,SyntheticCo,4,3,3,4,3,4,4,4,4,4,4,3,4,4,2,4,4,4,3,4,4,5,3,3,4,3,4,5,5,5,5,4,4,4,4,4
SYN_069_R5,SYN_069,SyntheticCo,4,4,5,4,5,4,3,5,3,3,3,3,3,3,3,4,4,5,3,4,4,4,4,4,3,3,5,4,3,4,3,3,4,5,4,4
SYN_070_R1,SYN_070,SyntheticCo,2,3,3,3,4,4,3,4,3,2,2,4,5,3,4,3,4,3,3,4,3,4,5,4,3,3,3,4,4,3,3,3,4,5,3,3
SYN_070_R2,SYN_070,SyntheticCo,2,4,3,3,3,3,4,5,3,2,2,3,5,4,3,4,3,4,3,3,3,4,4,3,4,3,4,4,3,4,4,3,3,4,5,3
SYN_070_R3,SYN_070,SyntheticCo,3,3,3,3,3,3,2,3,3,3,3,4,4,4,3,3,3,3,4,4,3,3,4,4,4,4,4,4,3,5,3,4,4,4,4,4
SYN_070_R4,SYN_070,SyntheticCo,3,4,4,3,4,4,4,4,2,3,3,4,4,5,3,2,4,3,3,3,3,3,3,3,4,5,4,4,3,4,4,3,4,4,4,4
SYN_070_R5,SYN_070,SyntheticCo,2,3,2,3,4,3,4,4,3,2,2,4,5,4,4,4,3,4,4,4,4,5,3,5,4,5,4,4,5,3,4,3,4,3,4,5
SYN_071_R1,SYN_071,SyntheticCo,4,2,3,3,2,2,3,2,2,3,3,3,3,3,3,3,4,3,3,3,3,2,4,2,4,3,4,4,4,3,4,4,2,4,3,3
SYN_071_R2,SYN_071,SyntheticCo,2,3,2,3,2,2,3,2,3,3,3,3,3,3,3,2,3,3,3,3,3,2,2,3,4,3,3,4,3,5,3,2,3,3,2,4
SYN_071_R3,SYN_071,SyntheticCo,3,3,3,3,3,1,2,2,4,3,3,3,4,2,3,3,3,2,3,3,2,2,2,3,3,3,2,3,4,4,3,3,2,4,4,3
SYN_071_R4,SYN_071,SyntheticCo,4,3,2,2,2,4,2,2,3,4,4,3,2,3,4,3,3,4,4,3,3,2,3,2,2,2,4,2,4,3,4,3,2,4,4,2
SYN_071_R5,SYN_071,SyntheticCo,3,2,3,3,2,1,2,3,3,3,3,3,4,3,3,3,3,3,3,3,2,3,3,4,3,2,4,3,4,4,3,3,3,3,3,4
SYN_072_R1,SYN_072,SyntheticCo,4,3,4,3,2,2,4,3,3,3,3,3,4,4,3,3,3,2,2,5,4,4,3,3,3,2,3,4,4,3,3,4,3,4,4,4
SYN_072_R2,SYN_072,SyntheticCo,3,3,3,2,2,3,3,2,3,4,2,4,5,4,2,3,2,3,3,3,3,3,3,3,3,4,4,2,4,3,4,4,4,4,4,4
SYN_072_R3,SYN_072,SyntheticCo,3,3,3,4,3,3,3,3,3,3,2,3,5,3,4,3,3,2,3,4,4,3,2,3,3,4,4,4,3,4,3,4,4,3,3,3
SYN_072_R4,SYN_072,SyntheticCo,4,4,3,3,3,3,3,3,3,3,3,4,4,4,3,2,4,3,3,3,3,3,2,3,4,3,4,2,3,4,3,3,3,2,3,4
SYN_072_R5,SYN_072,SyntheticCo,3,3,2,2,4,3,2,3,3,2,2,4,4,4,3,2,3,3,3,3,3,1,4,3,2,3,3,3,3,4,3,3,4,4,4,4
SYN_073_R1,SYN_073,SyntheticCo,3,3,3,2,3,3,4,3,3,2,3,3,3,2,2,4,3,3,3,3,3,3,4,3,3,3,3,3,3,3,3,4,3,4,4,4
SYN_073_R2,SYN_073,SyntheticCo,3,3,3,3,4,3,4,3,3,3,3,3,4,3,3,3,2,3,2,3,3,3,3,3,3,4,3,5,3,2,3,4,3,3,4,3
SYN_073_R3,SYN_073,SyntheticCo,3,4,3,4,2,3,3,4,4,4,2,3,3,3,4,3,3,4,2,3,3,3,3,3,4,4,3,3,3,4,3,3,3,3,4,3
SYN_073_R4,SYN_073,SyntheticCo,2,3,3,3,3,4,3,4,2,3,4,4,5,3,3,4,2,2,3,4,2,4,4,5,4,4,4,4,3,2,3,3,3,2,3,3
SYN_073_R5,SYN_073,SyntheticCo,3,4,3,2,2,4,3,4,4,2,3,4,4,2,3,2,4,3,2,3,4,3,3,3,3,3,3,4,4,3,4,3,2,4,3,4
SYN_074_R1,SYN_074,SyntheticCo,3,5,4,3,3,4,3,5,3,4,3,5,4,5,4,4,4,3,4,4,3,4,4,4,4,4,4,4,4,5,5,3,3,3,4,3
SYN_074_R2,SYN_074,SyntheticCo,4,4,3,3,3,3,3,5,3,3,3,5,4,5,3,4,3,4,3,3,3,3,4,4,3,4,4,4,4,5,5,4,2,3,4,3
SYN_074_R3,SYN_074,SyntheticCo,4,4,4,4,4,4,4,4,2,4,3,4,5,4,2,4,3,4,4,4,4,4,4,4,4,3,5,3,4,3,4,3,3,4,3,3
SYN_074_R4,SYN_074,SyntheticCo,3,4,4,3,3,4,4,3,3,2,4,5,4,4,3,4,3,3,3,4,4,4,4,4,4,5,5,4,4,2,5,4,3,2,3,4
SYN_074_R5,SYN_074,SyntheticCo,3,4,4,4,4,4,3,3,3,4,4,5,4,3,4,3,5,3,5,4,3,4,4,4,5,5,4,4,3,4,4,2,3,3,3,3
SYN_075_R1,SYN_075,SyntheticCo,3,5,4,4,4,3,4,3,3,3,4,5,5,5,4,2,2,2,3,3,3,4,4,3,3,4,4,4,3,2,4,3,3,2,2,3
SYN_075_R2,SYN_075,SyntheticCo,3,3,4,3,5,3,4,4,3,4,4,4,5,3,2,4,3,3,4,2,4,4,3,5,4,3,4,3,4,4,3,4,4,3,3,4
SYN_075_R3,SYN_075,SyntheticCo,3,3,3,3,3,4,3,3,3,3,4,4,4,3,2,3,3,3,4,3,3,3,4,4,3,4,5,3,4,3,4,4,4,4,3,3
SYN_075_R4,SYN_075,SyntheticCo,4,4,2,4,3,4,4,3,4,4,4,4,5,4,3,3,4,4,3,3,4,4,5,4,5,4,3,3,3,4,4,3,4,4,4,3
SYN_075_R5,SYN_075,SyntheticCo,3,4,3,4,4,3,4,4,3,4,4,3,4,4,2,2,3,3,3,2,5,4,3,5,4,4,4,4,4,4,3,2,4,3,4,4
SYN_076_R1,SYN_076,SyntheticCo,4,4,4,4,3,4,3,3,3,4,4,4,4,4,3,2,4,2,4,4,4,5,4,5,3,2,4,5,4,3,4,4,4,5,3,4
SYN_076_R2,SYN_076,SyntheticCo,4,3,3,4,4,4,3,4,4,4,4,4,4,4,3,5,4,3,4,3,4,4,3,3,3,4,4,4,4,4,4,4,4,5,4,3
SYN_076_R3,SYN_076,SyntheticCo,3,3,3,4,3,4,3,3,4,5,3,5,3,3,3,4,3,3,3,3,3,5,4,4,3,4,4,5,3,4,4,4,4,4,4,4
SYN_076_R4,SYN_076,SyntheticCo,5,4,4,2,3,3,3,4,3,4,4,5,4,5,3,4,4,3,2,3,4,4,3,4,4,3,3,5,4,4,3,3,3,4,4,3
SYN_076_R5,SYN_076,SyntheticCo,4,3,4,4,3,4,4,3,4,5,3,4,4,3,3,3,3,4,4,3,4,4,4,2,5,3,5,4,3,4,5,5,3,3,4,4
SYN_077_R1,SYN_077,SyntheticCo,5,4,3,4,3,4,4,4,5,4,4,3,2,3,5,3,4,4,4,4,3,3,4,2,2,4,3,4,4,4,3,3,4,5,3,3
SYN_077_R2,SYN_077,SyntheticCo,4,4,4,3,3,4,4,3,4,4,5,3,3,3,4,3,2,5,4,4,3,3,4,4,2,3,3,3,4,3,4,4,4,5,4,4
SYN_077_R3,SYN_077,SyntheticCo,5,5,5,2,4,4,4,4,5,5,4,4,3,3,4,4,4,4,5,4,5,4,3,4,2,3,3,4,3,3,3,3,4,4,3,4
SYN_077_R4,SYN_077,SyntheticCo,4,3,3,4,4,4,4,5,5,5,5,2,2,3,4,4,4,4,4,4,3,4,3,3,3,3,4,3,3,4,4,3,5,5,3,5
SYN_077_R5,SYN_077,SyntheticCo,3,5,3,5,3,4,3,3,5,4,5,3,4,2,3,3,5,4,3,3,3,4,4,3,2,3,3,4,4,3,4,4,4,3,4,4
SYN_078_R1,SYN_078,SyntheticCo,3,4,3,4,4,3,4,3,4,4,3,3,3,3,4,3,4,3,4,4,5,4,4,2,3,4,4,2,5,5,4,4,4,3,5,3
SYN_078_R2,SYN_078,SyntheticCo,3,3,3,3,5,5,4,3,3,4,4,3,4,3,4,4,4,5,3,3,4,5,5,3,3,4,4,5,4,4,4,3,4,3,4,4
SYN_078_R3,SYN_078,SyntheticCo,4,4,3,4,4,5,5,4,4,4,3,2,2,3,3,3,4,3,4,4,4,4,5,3,3,3,4,4,4,4,5,4,4,4,3,4
SYN_078_R4,SYN_078,SyntheticCo,3,2,3,4,4,4,4,3,4,5,4,2,3,4,4,3,5,3,3,3,3,4,5,4,3,2,4,4,4,4,4,4,4,4,5,4
SYN_078_R5,SYN_078,SyntheticCo,3,3,3,4,4,4,4,4,3,4,4,4,4,3,3,4,4,4,3,3,5,4,5,4,2,3,4,4,3,3,4,3,3,4,4,3
SYN_079_R1,SYN_079,SyntheticCo,3,3,4,3,4,4,4,3,3,4,4,4,4,4,4,4,5,4,3,4,4,4,5,4,4,5,4,4,3,3,5,4,3,4,3,4
SYN_079_R2,SYN_079,SyntheticCo,3,3,2,3,5,3,4,4,4,4,4,4,5,5,5,2,3,3,4,2,3,5,4,3,4,4,3,4,3,3,5,4,4,4,5,4
SYN_079_R3,SYN_079,SyntheticCo,4,3,4,4,4,4,4,4,3,4,4,4,5,4,3,4,4,3,3,3,4,5,4,4,4,5,4,4,4,4,2,4,4,4,4,3
SYN_079_R4,SYN_079,SyntheticCo,2,3,4,2,3,3,4,5,4,4,4,4,4,5,4,4,4,3,4,3,5,3,5,5,4,5,4,4,4,4,5,4,3,3,4,4
SYN_079_R5,SYN_079,SyntheticCo,3,5,4,3,3,4,4,5,4,4,4,5,4,5,4,4,3,3,3,3,3,4,4,3,4,4,4,3,3,4,3,4,4,4,4,5
SYN_080_R1,SYN_080,SyntheticCo,3,5,3,5,2,5,3,4,4,3,3,2,3,3,3,4,3,4,4,4,3,5,4,3,3,4,3,4,4,3,5,5,3,3,4,3
SYN_080_R2,SYN_080,SyntheticCo,5,4,5,4,3,4,3,4,4,3,3,2,3,3,4,3,3,3,5,4,4,4,3,3,4,4,3,3,3,3,5,4,3,4,4,3
SYN_080_R3,SYN_080,SyntheticCo,4,5,4,4,3,2,3,4,3,5,4,2,2,2,4,4,4,4,4,3,4,4,4,4,3,4,3,5,3,4,4,4,4,4,4,4
SYN_080_R4,SYN_080,SyntheticCo,4,4,5,5,3,4,2,3,4,4,3,4,4,3,3,4,3,5,3,4,4,4,3,3,4,3,3,4,4,4,4,5,5,3,4,4
SYN_080_R5,SYN_080,SyntheticCo,4,3,4,4,3,3,3,5,4,3,4,4,3,1,5,2,3,3,3,4,3,4,4,3,3,3,3,3,3,4,4,3,3,4,3,4
SYN_081_R1,SYN_081,SyntheticCo,5,4,3,4,3,3,3,4,4,4,5,4,4,4,3,5,4,4,4,3,4,4,4,3,3,2,3,3,3,4,4,4,5,4,4,4
SYN_081_R2,SYN_081,SyntheticCo,5,4,4,3,3,4,2,4,5,4,4,5,5,4,4,4,4,4,4,5,3,3,3,3,3,4,3,4,3,4,4,5,4,5,4,5
SYN_081_R3,SYN_081,SyntheticCo,4,4,5,5,3,3,3,4,5,4,4,3,4,3,5,4,4,5,3,5,4,2,4,4,3,3,3,5,3,3,4,3,4,5,4,4
SYN_081_R4,SYN_081,SyntheticCo,4,4,4,4,3,3,3,4,5,4,4,4,5,3,4,4,4,4,5,4,4,4,4,4,4,5,5,3,4,4,5,4,4,4,4,4
SYN_081_R5,SYN_081,SyntheticCo,4,3,5,4,3,4,3,3,4,4,5,4,3,5,4,3,4,3,3,4,3,4,4,4,3,4,5,4,4,3,4,5,4,4,4,4
SYN_082_R1,SYN_082,SyntheticCo,3,4,4,4,3,2,2,2,3,5,5,4,3,2,4,3,5,2,3,3,3,3,3,3,4,3,3,3,3,2,2,3,2,2,3,2
SYN_082_R2,SYN_082,SyntheticCo,3,4,3,4,2,2,2,3,4,4,3,4,2,2,5,4,4,3,4,3,2,3,3,4,4,3,2,4,2,3,2,2,3,2,3,2
SYN_082_R3,SYN_082,SyntheticCo,4,3,4,4,4,2,1,3,4,3,3,3,4,3,2,4,4,3,3,3,2,4,3,2,4,3,2,2,2,3,3,3,2,3,2,2
SYN_082_R4,SYN_082,SyntheticCo,4,5,3,4,3,4,4,2,4,4,4,4,2,3,4,4,3,2,4,3,2,2,3,3,3,2,3,3,2,1,3,3,2,3,3,2
SYN_082_R5,SYN_082,SyntheticCo,4,3,4,5,3,3,3,3,5,4,4,3,4,3,3,2,4,3,3,2,4,3,4,3,4,2,3,2,2,2,2,2,2,2,3,3
SYN_083_R1,SYN_083,SyntheticCo,4,2,3,4,4,3,4,3,3,4,4,3,3,3,3,4,3,4,4,3,3,3,3,3,4,4,5,3,4,4,3,3,4,3,3,3
SYN_083_R2,SYN_083,SyntheticCo,2,3,3,3,4,2,4,4,3,4,3,4,4,4,3,3,2,4,4,3,4,5,4,3,3,3,3,4,3,3,3,3,3,2,4,3
SYN_083_R3,SYN_083,SyntheticCo,5,3,4,4,3,3,3,3,4,4,3,5,4,4,3,3,3,3,3,4,4,4,4,4,3,4,3,3,3,3,3,3,3,4,4,4
SYN_083_R4,SYN_083,SyntheticCo,3,4,2,4,2,3,4,3,3,3,4,3,4,4,3,3,2,4,3,3,3,4,5,4,3,3,2,4,3,3,3,3,4,2,4,3
SYN_083_R5,SYN_083,SyntheticCo,3,3,4,2,3,4,3,3,4,4,4,3,3,4,2,4,4,3,4,4,5,5,3,3,4,3,4,4,3,3,3,3,3,4,3,2
SYN_084_R1,SYN_084,SyntheticCo,3,3,3,4,2,2,3,2,3,3,4,3,3,3,4,3,4,3,4,3,3,3,4,3,4,3,3,3,3,3,4,3,3,4,3,4
SYN_084_R2,SYN_084,SyntheticCo,4,3,4,3,4,3,3,4,3,3,4,5,3,3,4,3,4,4,3,4,3,3,3,3,4,4,4,4,4,4,4,4,3,3,3,4
SYN_084_R3,SYN_084,SyntheticCo,5,2,5,4,4,3,4,3,3,3,4,3,4,3,3,3,3,4,3,3,2,3,4,3,4,5,5,4,4,3,3,4,4,4,3,4
SYN_084_R4,SYN_084,SyntheticCo,4,4,4,3,3,3,3,3,4,4,3,4,3,4,3,4,4,4,4,4,3,4,3,3,4,4,5,4,4,5,3,3,3,2,4,3
SYN_084_R5,SYN_084,SyntheticCo,4,4,4,3,3,3,4,3,3,3,4,3,3,3,3,3,4,5,4,5,3,2,3,4,4,4,2,4,4,3,4,4,4,4,4,3
SYN_085_R1,SYN_085,SyntheticCo,3,2,3,4,2,3,2,3,3,3,3,3,3,2,4,4,4,3,3,3,2,3,3,4,2,3,3,2,3,3,3,3,3,3,2,3
SYN_085_R2,SYN_085,SyntheticCo,3,3,3,3,4,2,4,3,3,3,2,1,3,4,2,2,3,3,4,3,2,3,1,2,3,3,4,3,2,2,4,4,4,3,2,3
SYN_085_R3,SYN_085,SyntheticCo,3,4,3,3,3,3,3,3,2,4,2,3,1,2,3,3,2,3,3,3,2,3,2,4,3,3,3,4,2,3,3,2,2,3,2,3
SYN_085_R4,SYN_085,SyntheticCo,4,3,2,3,3,3,3,3,4,3,2,3,3,3,3,3,3,2,4,4,4,2,3,3,3,3,3,3,3,4,2,3,3,2,2,3
SYN_085_R5,SYN_085,SyntheticCo,3,3,3,3,4,3,2,3,4,2,3,3,1,3,3,3,2,3,3,3,3,3,4,2,2,3,3,3,3,3,3,3,2,3,1,4
SYN_086_R1,SYN_086,SyntheticCo,4,4,4,4,4,4,4,4,4,3,5,4,3,3,4,4,4,4,3,3,3,4,3,4,3,4,4,4,3,4,4,4,4,3,5,3
SYN_086_R2,SYN_086,SyntheticCo,3,4,3,3,5,4,3,4,3,4,3,4,3,5,4,4,4,4,4,4,5,3,2,2,4,3,4,4,3,4,3,4,4,4,4,4
SYN_086_R3,SYN_086,SyntheticCo,4,4,5,4,4,4,5,4,4,4,4,3,4,4,4,5,4,5,5,5,4,4,5,3,3,3,3,2,4,3,4,3,4,3,3,4
SYN_086_R4,SYN_086,SyntheticCo,4,4,4,4,4,4,4,5,5,3,4,4,5,3,4,4,4,4,4,5,3,5,3,3,4,3,3,4,4,4,3,4,3,3,3,4
SYN_086_R5,SYN_086,SyntheticCo,3,4,3,5,4,3,4,5,4,4,5,4,4,3,4,3,4,5,5,4,3,3,3,3,2,3,5,4,4,3,3,3,3,4,4,3
SYN_087_R1,SYN_087,SyntheticCo,3,4,4,4,3,3,4,2,5,3,3,3,4,3,4,4,4,3,3,3,4,3,3,4,4,5,4,3,2,3,3,4,3,4,3,2
SYN_087_R2,SYN_087,SyntheticCo,3,3,2,3,3,3,3,3,4,4,5,4,4,3,4,4,4,2,3,3,3,2,2,4,3,2,3,3,3,2,3,4,2,2,3,3
SYN_087_R3,SYN_087,SyntheticCo,3,4,4,3,3,3,3,2,3,3,4,4,3,4,3,3,3,2,3,3,3,3,3,5,2,4,4,3,3,4,3,3,3,3,3,4
SYN_087_R4,SYN_087,SyntheticCo,3,3,2,3,2,2,3,4,4,4,4,3,4,3,4,4,3,3,3,2,3,4,2,4,3,5,2,3,2,2,4,4,4,3,4,3
SYN_087_R5,SYN_087,SyntheticCo,2,3,3,3,3,4,4,2,5,5,3,2,3,3,5,4,3,3,2,4,3,4,3,4,3,3,2,2,3,3,3,3,3,3,4,3
SYN_088_R1,SYN_088,SyntheticCo,4,3,4,4,3,4,4,4,4,4,4,3,3,4,3,4,3,4,3,3,3,3,2,5,3,3,3,4,2,4,3,3,3,4,3,3
SYN_088_R2,SYN_088,SyntheticCo,3,3,3,4,3,2,3,4,3,4,4,3,4,3,3,4,4,5,3,4,3,4,3,4,4,4,3,3,3,3,2,3,3,3,3,3
SYN_088_R3,SYN_088,SyntheticCo,3,3,4,3,3,3,3,3,3,4,4,4,4,4,4,3,3,3,4,3,2,4,2,4,3,4,4,4,4,3,5,3,2,3,3,3
SYN_088_R4,SYN_088,SyntheticCo,2,4,3,2,3,3,3,1,3,4,3,4,4,4,4,4,3,4,4,3,3,3,2,3,3,4,3,4,3,3,4,2,3,2,3,4
SYN_088_R5,SYN_088,SyntheticCo,3,4,3,2,3,3,3,4,5,3,3,3,3,4,3,2,3,3,3,4,3,3,3,4,4,4,3,3,2,3,4,3,3,4,3,3
SYN_089_R1,SYN_089,SyntheticCo,2,4,4,4,5,3,3,2,4,4,3,3,3,3,3,3,3,3,4,3,3,5,4,4,4,5,3,5,4,5,4,3,3,4,4,3
SYN_089_R2,SYN_089,SyntheticCo,3,4,4,2,5,4,4,3,3,3,3,3,4,2,3,2,2,4,2,2,4,3,4,4,4,3,4,4,4,4,5,4,4,4,4,4
SYN_089_R3,SYN_089,SyntheticCo,3,3,3,2,4,4,4,4,4,2,3,2,3,3,2,3,2,2,5,3,3,3,4,3,4,4,5,4,4,5,5,4,3,4,2,4
SYN_089_R4,SYN_089,SyntheticCo,4,4,3,4,4,3,3,3,4,3,4,3,3,2,3,3,2,3,3,4,3,4,3,3,4,3,4,4,4,4,4,4,4,4,4,4
SYN_089_R5,SYN_089,SyntheticCo,3,3,3,2,3,5,2,4,3,4,2,3,4,4,3,2,2,4,3,3,4,3,4,3,4,3,3,4,4,4,4,4,4,4,3,4
SYN_090_R1,SYN_090,SyntheticCo,4,4,3,5,4,4,5,5,5,4,5,3,4,5,3,4,3,4,3,4,3,4,3,4,3,3,4,3,4,3,4,4,5,4,4,4
SYN_090_R2,SYN_090,SyntheticCo,3,4,4,4,3,5,4,4,3,4,4,3,4,3,4,4,4,5,4,4,3,3,3,3,3,4,5,3,4,3,4,4,4,3,4,3
SYN_090_R3,SYN_090,SyntheticCo,5,4,4,3,4,5,4,5,4,5,4,3,3,4,4,3,5,4,4,4,4,4,2,4,3,3,4,3,3,5,4,2,3,4,4,4
SYN_090_R4,SYN_090,SyntheticCo,5,3,4,4,3,3,4,4,4,5,4,4,3,4,3,3,5,2,3,4,4,3,3,3,4,4,5,3,3,3,5,4,4,4,4,3
SYN_090_R5,SYN_090,SyntheticCo,5,4,4,5,4,4,4,5,4,3,4,4,4,4,3,4,3,4,4,5,4,4,3,3,3,5,3,4,4,3,3,4,4,2,3,4
SYN_091_R1,SYN_091,SyntheticCo,5,5,4,5,3,4,3,2,5,4,4,2,4,3,5,4,3,5,4,4,2,3,3,3,3,3,4,4,3,3,5,3,4,3,3,4
SYN_091_R2,SYN_091,SyntheticCo,5,5,5,5,4,4,4,3,5,4,4,2,2,4,5,4,4,4,5,5,4,3,3,4,4,3,3,4,4,3,4,4,3,3,5,4
SYN_091_R3,SYN_091,SyntheticCo,4,5,5,3,4,3,2,3,4,4,4,2,2,3,4,4,4,4,4,5,3,3,2,3,3,3,3,4,4,4,3,3,2,3,3,4
SYN_091_R4,SYN_091,SyntheticCo,5,5,4,4,3,4,5,4,4,4,4,4,4,3,4,4,4,4,4,5,3,4,4,4,4,5,4,3,3,4,3,3,4,3,4,4
SYN_091_R5,SYN_091,SyntheticCo,4,4,4,5,4,3,3,3,5,4,4,2,3,3,5,4,4,5,5,4,4,3,3,4,4,5,3,4,4,4,3,3,4,4,3,4
SYN_092_R1,SYN_092,SyntheticCo,4,3,3,4,4,3,4,4,2,3,4,4,4,3,3,2,4,4,5,3,4,3,3,4,4,5,3,3,3,3,5,4,4,4,4,4
SYN_092_R2,SYN_092,SyntheticCo,3,3,3,3,4,3,4,4,3,3,3,3,3,4,3,5,3,4,3,5,3,3,3,3,4,4,3,3,3,3,4,4,4,4,4,4
SYN_092_R3,SYN_092,SyntheticCo,2,3,3,3,3,4,3,3,4,2,3,2,3,3,3,4,4,4,4,3,3,4,4,5,4,4,5,4,3,4,3,4,3,3,4,4
SYN_092_R4,SYN_092,SyntheticCo,4,3,5,4,4,3,3,4,3,3,3,2,3,4,4,3,4,3,3,5,4,3,3,3,4,4,3,3,4,3,3,5,5,5,4,4
SYN_092_R5,SYN_092,SyntheticCo,3,4,3,4,2,3,4,3,3,4,4,2,2,3,2,2,3,5,4,4,3,4,5,3,5,4,3,4,4,5,4,4,4,4,3,4
SYN_093_R1,SYN_093,SyntheticCo,5,2,3,3,4,4,4,4,4,3,5,4,4,3,4,4,3,3,3,5,4,5,4,4,3,3,3,4,4,4,3,4,3,4,4,4
SYN_093_R2,SYN_093,SyntheticCo,3,4,3,3,4,3,4,4,3,3,4,4,4,4,3,2,3,2,3,4,4,4,5,4,4,5,5,4,3,4,3,4,3,3,4,2
SYN_093_R3,SYN_093,SyntheticCo,2,3,3,3,4,4,3,4,3,3,4,4,4,3,2,4,3,3,4,4,5,4,5,3,4,4,4,5,4,3,3,5,4,4,3,4
SYN_093_R4,SYN_093,SyntheticCo,3,3,2,3,4,2,4,3,3,4,5,4,4,4,4,3,3,4,2,5,5,4,3,4,3,4,3,5,3,4,3,4,3,4,3,4
SYN_093_R5,SYN_093,SyntheticCo,3,3,3,3,4,4,4,4,3,4,5,3,4,4,4,4,3,4,3,3,3,5,5,3,4,4,5,3,2,4,3,4,4,4,5,4
SYN_094_R1,SYN_094,SyntheticCo,5,5,5,4,2,4,3,3,3,4,2,3,3,3,4,3,4,5,5,5,2,2,4,4,3,2,2,3,3,1,3,2,4,3,3,4
SYN_094_R2,SYN_094,SyntheticCo,4,5,4,4,2,3,4,2,3,2,2,3,3,3,3,4,4,4,3,4,3,3,2,3,4,2,3,3,2,3,4,3,3,4,3,2
SYN_094_R3,SYN_094,SyntheticCo,4,4,4,3,2,3,3,2,4,3,4,2,3,3,4,3,2,5,4,5,3,3,2,3,4,3,4,2,2,3,2,5,4,4,4,3
SYN_094_R4,SYN_094,SyntheticCo,3,5,3,5,3,3,3,3,3,4,4,3,3,4,3,4,4,4,5,4,2,3,2,4,2,3,3,2,3,3,3,4,4,3,3,3
SYN_094_R5,SYN_094,SyntheticCo,4,4,5,4,3,2,3,2,2,4,3,4,3,3,4,4,4,4,5,4,2,2,2,3,3,4,3,3,3,3,2,4,2,3,3,4
SYN_095_R1,SYN_095,SyntheticCo,2,2,2,3,2,3,2,2,2,3,2,3,3,3,3,3,3,4,3,4,2,3,2,4,3,4,3,3,3,2,3,3,3,2,3,2
SYN_095_R2,SYN_095,SyntheticCo,3,3,3,4,2,3,3,2,2,2,2,2,3,2,3,3,4,3,2,2,3,2,3,3,5,4,3,4,2,3,2,4,2,2,2,3
SYN_095_R3,SYN_095,SyntheticCo,3,3,3,2,3,3,2,2,3,3,2,3,2,3,3,3,3,3,2,3,3,3,3,3,2,4,3,3,3,4,4,3,2,2,1,3
SYN_095_R4,SYN_095,SyntheticCo,3,3,3,2,2,2,2,2,3,1,2,1,3,3,2,2,2,2,3,4,2,3,2,3,3,5,3,3,2,1,2,4,3,4,2,1
SYN_095_R5,SYN_095,SyntheticCo,2,3,3,2,2,3,2,2,2,2,2,2,4,3,3,2,2,3,3,3,2,1,3,4,3,3,4,2,4,3,3,3,2,3,3,3
SYN_096_R1,SYN_096,SyntheticCo,3,3,3,3,4,3,3,2,3,3,2,4,3,3,3,2,3,3,3,3,3,3,3,4,4,5,4,4,4,4,4,4,4,3,4,4
SYN_096_R2,SYN_096,SyntheticCo,2,4,4,3,3,3,2,3,2,4,2,4,3,4,3,4,3,3,3,3,2,4,3,4,4,5,4,2,4,3,4,4,4,4,3,4
SYN_096_R3,SYN_096,SyntheticCo,2,3,2,2,3,3,3,2,2,2,2,3,2,3,3,3,4,3,4,2,3,4,4,5,5,4,3,3,3,3,3,3,4,5,4,4
SYN_096_R4,SYN_096,SyntheticCo,4,3,3,3,3,3,3,2,2,3,3,3,2,4,4,2,4,3,3,4,4,4,3,3,3,4,4,3,3,3,3,4,4,4,5,3
SYN_096_R5,SYN_096,SyntheticCo,3,2,3,3,3,3,2,3,2,3,3,3,3,3,4,4,4,3,4,3,3,4,4,4,3,4,3,5,4,3,3,3,3,4,5,3
SYN_097_R1,SYN_097,SyntheticCo,4,2,2,4,4,3,3,3,2,1,1,3,5,5,3,2,3,3,3,2,5,4,3,3,4,4,3,3,3,3,3,4,4,4,2,3
SYN_097_R2,SYN_097,SyntheticCo,3,2,2,3,3,2,2,3,2,3,3,3,3,3,3,3,3,3,4,3,5,4,4,4,3,2,3,4,3,3,3,2,4,3,3,3
SYN_097_R3,SYN_097,SyntheticCo,3,3,2,3,3,2,3,2,1,3,2,4,4,4,2,2,3,2,3,2,4,5,4,2,4,4,5,3,2,3,4,3,4,3,4,2
SYN_097_R4,SYN_097,SyntheticCo,2,3,2,2,2,3,3,3,3,2,3,3,5,4,3,3,3,3,4,2,4,2,4,4,2,2,3,4,3,2,2,4,3,4,4,3
SYN_097_R5,SYN_097,SyntheticCo,4,3,3,3,3,3,3,3,2,3,2,4,3,3,4,3,3,3,3,3,3,3,4,4,3,3,3,3,3,2,3,4,3,3,3,4
SYN_098_R1,SYN_098,SyntheticCo,2,3,3,3,3,3,4,3,4,3,2,4,4,3,3,1,2,4,3,4,2,3,4,3,3,3,3,3,2,4,4,3,3,3,3,3
SYN_098_R2,SYN_098,SyntheticCo,3,3,3,4,3,4,4,3,2,3,2,3,3,4,3,3,3,2,3,4,3,4,3,3,4,3,3,3,3,3,3,3,3,3,3,3
SYN_098_R3,SYN_098,SyntheticCo,3,4,4,2,2,3,3,3,2,2,3,3,5,3,3,2,3,3,4,3,4,3,4,3,3,4,4,2,3,4,3,4,4,3,5,4
SYN_098_R4,SYN_098,SyntheticCo,3,3,4,2,3,3,3,3,2,3,2,5,4,4,3,4,3,3,4,5,3,4,3,3,3,2,3,4,3,4,3,3,4,4,3,4
SYN_098_R5,SYN_098,SyntheticCo,3,2,3,2,4,4,4,3,3,2,3,3,3,4,3,3,3,2,3,4,4,2,3,2,4,3,2,4,3,3,4,4,3,3,3,4
SYN_099_R1,SYN_099,SyntheticCo,3,3,2,3,3,3,3,4,3,2,3,3,4,4,4,4,4,4,4,4,4,4,4,5,3,4,4,4,3,4,3,5,3,3,2,4
SYN_099_R2,SYN_099,SyntheticCo,4,3,3,3,3,4,4,3,3,4,4,4,4,4,4,3,3,3,3,4,4,3,4,3,3,5,3,3,3,4,4,5,3,3,5,4
SYN_099_R3,SYN_099,SyntheticCo,4,3,4,4,4,3,4,5,3,3,3,3,4,4,4,4,4,4,2,4,3,3,4,4,4,4,3,4,4,4,4,3,5,3,4,3
SYN_099_R4,SYN_099,SyntheticCo,3,3,3,4,3,4,4,3,4,3,3,3,4,4,4,4,4,3,2,3,4,4,5,3,3,4,4,2,4,4,2,3,3,3,3,4
SYN_099_R5,SYN_099,SyntheticCo,4,3,2,3,3,3,4,4,3,2,2,3,4,3,3,4,4,4,4,3,3,3,3,3,3,4,4,4,3,4,3,3,4,4,3,4
SYN_100_R1,SYN_100,SyntheticCo,2,2,2,3,3,4,2,2,4,4,3,2,3,2,3,2,4,2,2,3,4,2,2,3,4,4,3,3,2,3,4,4,3,2,3,4
SYN_100_R2,SYN_100,SyntheticCo,2,2,2,2,2,3,3,4,2,3,4,3,3,2,3,3,2,4,3,2,3,4,4,3,4,2,3,4,2,3,4,4,3,3,2,4
SYN_100_R3,SYN_100,SyntheticCo,2,2,3,2,3,3,4,3,3,3,3,4,3,3,2,1,2,4,2,4,3,3,3,4,3,3,4,3,4,4,4,3,3,2,2,2
SYN_100_R4,SYN_100,SyntheticCo,3,3,3,3,2,2,2,2,2,4,2,4,3,4,3,3,4,2,3,3,2,3,4,3,4,4,5,4,4,3,3,3,3,3,3,3
SYN_100_R5,SYN_100,SyntheticCo,2,3,2,2,3,2,3,3,4,3,3,3,2,3,3,3,2,2,3,4,3,3,2,3,3,4,4,2,3,3,2,3,3,3,2,3
